Mgmt_Schd_ID,Event_Month,Event_Day,Event_Year,Contour_ID,New_Crop_ID,Strip_Crop_ID,New_Non-Crop_ID,Curve_Number_ID,Post_Event_Mannings_n,Post_Event_Surface_Constant,Operation_Residue_Change,Fertilizer_Application_ID,Irrigation_Application_ID,Mgmt_Operation_ID,Tile_Drain_Controlled_Status,Tile_Drain_Controlled_Depth,Input_Units_Code
Fallow_Idle_Cropland,,,,,,,fallow,Fallow_(CR_Good),,,,,,,,,0
Aquaculture,,,,,,,fallow,Fallow_(Bare),,,,,,,,,0
Barren,,,,,,,fallow,Fallow_(Bare),,,,,,,,,0
Christmas_Trees,,,,,,,Forest,Woods_Grass_(Good),,,,,,,,,0
Deciduous_Forest,,,,,,,Forest,Woods_(Good),,,,,,,,,0
Clouds_No_Data,,,,,,,fallow,Brush_(Good),,,,,,,,,0
Commercial,,,,,,,Commercial,Residential_(38%_imp),,,,,,,,,0
Developed,,,,,,,residential,Residential_(38%_imp),,,,,,,,,0
Developed_High_Intensity,,,,,,,Commercial,Urban_(85%_imp),,,,,,,,,0
Developed_Low_Intensity,,,,,,,residential,Residential_(30%_imp),,,,,,,,,0
Developed_Med_Intensity,,,,,,,residential,Residential_(65%_imp),,,,,,,,,0
Developed_Open_Space,,,,,,,residential,Open_Space_(Good),,,,,,,,,0
Evergreen_Forest,,,,,,,Forest,Woods_(Good),,,,,,,,,0
Forest,,,,,,,Forest,Woods_(Good),,,,,,,,,0
Herbaceous_Wetlands,,,,,,,fallow,Fallow_(Bare),,,,,,,,,0
Mixed_Forest,,,,,,,Forest,Woods_Grass_(Fair),,,,,,,,,0
Nonag_Undefined,,,,,,,Forest,Fallow_(CR_Poor),,,,,,,,,0
Shrubland,,,,,,,fallow,Brush_(Good),,,,,,,,,0
Sod_Grass_Seed,,,,,,,fallow,Brush_(Good),,,,,,,,,0
roads,,,,,,,roads,Roads_(Paved_w/ditch),,,,,,,,,0
Wetlands,,,,,,,fallow,Fallow_(Bare),,,,,,,,,0
Asparagus,1,1,1,,,,,Close_Seeded_(SR_Good),,,,,,subsoiler,,,0
Asparagus,1,3,1,,,,,,,,,,,disk;_offset;_heavy,,,0
Asparagus,1,5,1,,,,,,,,,,,disk;_offset;_heavy,,,0
Asparagus,1,10,1,,,,,,,,,,,land_plane,,,0
Asparagus,1,15,1,,,,,,,,,,,disk;_tandem_light_f,,,0
Asparagus,1,16,1,,,,,,,,,,,disk;_tandem_light_f,,,0
Asparagus,2,1,1,,,,,,,,,,,lister;_40_in,,,0
Asparagus,2,2,1,,,,,,,,,,,bed_shaper,,,0
Asparagus,2,28,1,,,,,,,,,,,fert_applic._shank_3,,,0
Asparagus,3,1,1,,,,,,,,,,,sprayer;_pre-emergen,,,0
Asparagus,3,2,1,,asparagus;_yr1_and_2,,,,,,,,,planter;_transplant2,,,0
Asparagus,5,1,1,,,,,,,,,,,sprayer;_fungicide,,,0
Asparagus,5,2,1,,,,,,,,,,,cultivator;_row_betw,,,0
Asparagus,6,1,1,,,,,,,,,,,sprayer;_insecticide,,,0
Asparagus,6,2,1,,,,,,,,,,,cultivator;_row_betw,,,0
Asparagus,7,15,1,,,,,,,,,,,cultivator;_row_betw,,,0
Asparagus,11,1,1,,,,,,,,,,,shredder;_flail_or_1,,,0
Asparagus,2,15,2,,asparagus;_yr3+__hi_,,,,,,,,,begin_growth,,,0
Asparagus,3,1,2,,,,,,,,,,,harvest;_hand_pick_m,,,0
Asparagus,4,1,2,,,,,,,,,,,harvest;_hand_pick_m,,,0
Asparagus,5,1,2,,,,,,,,,,,sprayer;_post_emerg1,,,0
Asparagus,5,2,2,,,,,,,,,,,cultivator;_row_betw,,,0
Asparagus,6,1,2,,,,,,,,,,,sprayer;_insecticide,,,0
Asparagus,6,2,2,,,,,,,,,,,cultivator;_row_betw,,,0
Asparagus,7,15,2,,,,,,,,,,,cultivator;_row_betw,,,0
Asparagus,10,1,2,,,,,,,,,,,shredder;_flail_or_1,,,0
Asparagus,2,15,3,,asparagus;_yr3+__hi_,,,,,,,,,begin_growth,,,0
Asparagus,3,1,3,,,,,,,,,,,harvest;_hand_pick_m,,,0
Asparagus,4,1,3,,,,,,,,,,,harvest;_hand_pick_m,,,0
Asparagus,5,1,3,,,,,,,,,,,sprayer;_post_emerg1,,,0
Asparagus,5,2,3,,,,,,,,,,,cultivator;_row_betw,,,0
Asparagus,6,1,3,,,,,,,,,,,sprayer;_insecticide,,,0
Asparagus,6,2,3,,,,,,,,,,,cultivator;_row_betw,,,0
Asparagus,7,15,3,,,,,,,,,,,cultivator;_row_betw,,,0
Asparagus,10,1,3,,,,,,,,,,,shredder;_flail_or_1,,,0
Asparagus,2,15,4,,asparagus;_yr3+__hi_,,,,,,,,,begin_growth,,,0
Asparagus,3,1,4,,,,,,,,,,,harvest;_hand_pick_m,,,0
Asparagus,4,1,4,,,,,,,,,,,harvest;_hand_pick_m,,,0
Asparagus,5,1,4,,,,,,,,,,,sprayer;_post_emerg1,,,0
Asparagus,5,2,4,,,,,,,,,,,cultivator;_row_betw,,,0
Asparagus,6,1,4,,,,,,,,,,,sprayer;_insecticide,,,0
Asparagus,6,2,4,,,,,,,,,,,cultivator;_row_betw,,,0
Asparagus,7,15,4,,,,,,,,,,,cultivator;_row_betw,,,0
Asparagus,10,1,4,,,,,,,,,,,shredder;_flail_or_1,,,0
Asparagus,2,15,5,,asparagus;_yr3+__hi_,,,,,,,,,begin_growth,,,0
Asparagus,3,1,5,,,,,,,,,,,harvest;_hand_pick_m,,,0
Asparagus,4,1,5,,,,,,,,,,,harvest;_hand_pick_m,,,0
Asparagus,5,1,5,,,,,,,,,,,sprayer;_post_emerg1,,,0
Asparagus,5,2,5,,,,,,,,,,,cultivator;_row_betw,,,0
Asparagus,6,1,5,,,,,,,,,,,sprayer;_insecticide,,,0
Asparagus,6,2,5,,,,,,,,,,,cultivator;_row_betw,,,0
Asparagus,7,15,5,,,,,,,,,,,cultivator;_row_betw,,,0
Asparagus,10,1,5,,,,,,,,,,,shredder;_flail_or_1,,,0
Broccoli,10,6,1,,,,,Close_Seeded_(SR_Good),,,,,,subsoiler_ripper;_24,,,0
Broccoli,10,8,1,,,,,,,,,,,chisel;_st._pt.,,,0
Broccoli,10,10,1,,,,,,,,,,,disk;_offset;_heavy,,,0
Broccoli,10,15,1,,,,,,,,,,,land_plane,,,0
Broccoli,10,25,1,,,,,,,,,,,bed_shaper;_12_in,,,0
Broccoli,11,1,1,,,,,,,,,,,fert_applic._shank_3,,,0
Broccoli,11,5,1,,,,,,,,,,,sprayer;_pre-emergen,,,0
Broccoli,11,6,1,,brocolli;_hi_prod,,,,,,,,,planter;_transplant1,,,0
Broccoli,12,5,1,,,,,,,,,,,sprayer;_post_emerg1,,,0
Broccoli,1,5,2,,,,,,,,,,,sprayer;_fungicide,,,0
Broccoli,1,6,2,,,,,,,,,,,cultivator;_row_betw,,,0
Broccoli,2,5,2,,,,,,,,,,,sprayer;_insecticide,,,0
Broccoli,2,6,2,,,,,,,,,,,cultivator;_row_betw,,,0
Broccoli,3,25,2,,,,,,,,,,,harvest;_broccoli_an,,,0
Cabbage,10,1,1,,,,,Close_Seeded_(SR_Good),,,,,,manure_spreader;_sol,,,0
Cabbage,10,10,1,,,,,,,,,,,subsoiler,,,0
Cabbage,10,15,1,,,,,,,,,,,disk;_offset;_heavy,,,0
Cabbage,10,16,1,,,,,,,,,,,roller;_corrugated_1,,,0
Cabbage,10,20,1,,,,,,,,,,,disk;_offset;_heavy,,,0
Cabbage,10,25,1,,,,,,,,,,,chisel;_st._pt._12_i,,,0
Cabbage,10,26,1,,,,,,,,,,,chisel;_st._pt._12_i,,,0
Cabbage,11,10,1,,,,,,,,,,,land_plane,,,0
Cabbage,11,11,1,,,,,,,,,,,land_plane,,,0
Cabbage,11,20,1,,,,,,,,,,,disk;_offset;_heavy,,,0
Cabbage,11,21,1,,,,,,,,,,,roller;_on_beds,,,0
Cabbage,11,25,1,,,,,,,,,,,lister;_40_in,,,0
Cabbage,1,24,2,,,,,,,,,,,bedder;_hipper;_dis1,,,0
Cabbage,1,25,2,,,,,,,,,,,fert_applic._shank_3,,,0
Cabbage,1,26,2,,cabbage;_hi_prod,,,,,,,,,planter;_small_veg_1,,,0
Cabbage,2,15,2,,,,,,,,,,,sprayer;_post_emerg1,,,0
Cabbage,3,15,2,,,,,,,,,,,cultivator;_row_1_in,,,0
Cabbage,4,1,2,,,,,,,,,,,sprayer;_fungicide,,,0
Cabbage,4,8,2,,,,,,,,,,,sprayer;_insecticide,,,0
Cabbage,4,15,2,,,,,,,,,,,weed_control;_manual,,,0
Cabbage,5,15,2,,,,,,,,,,,harvest;_cabbage_an2,,,0
Cauliflower,10,1,1,,,,,Close_Seeded_(SR_Good),,,,,,manure_spreader;_sol,,,0
Cauliflower,10,10,1,,,,,,,,,,,subsoiler,,,0
Cauliflower,10,15,1,,,,,,,,,,,disk;_offset;_heavy,,,0
Cauliflower,10,16,1,,,,,,,,,,,roller;_corrugated_1,,,0
Cauliflower,10,20,1,,,,,,,,,,,disk;_offset;_heavy,,,0
Cauliflower,10,25,1,,,,,,,,,,,chisel;_st._pt._12_i,,,0
Cauliflower,10,26,1,,,,,,,,,,,chisel;_st._pt._12_i,,,0
Cauliflower,11,10,1,,,,,,,,,,,land_plane,,,0
Cauliflower,11,11,1,,,,,,,,,,,land_plane,,,0
Cauliflower,11,20,1,,,,,,,,,,,disk;_offset;_heavy,,,0
Cauliflower,11,21,1,,,,,,,,,,,roller;_on_beds,,,0
Cauliflower,11,25,1,,,,,,,,,,,lister;_40_in,,,0
Cauliflower,1,24,2,,,,,,,,,,,bedder;_hipper;_dis1,,,0
Cauliflower,1,25,2,,,,,,,,,,,fert_applic._shank_3,,,0
Cauliflower,1,26,2,,cauliflower;_hi_prod,,,,,,,,,planter;_small_veg_1,,,0
Cauliflower,2,15,2,,,,,,,,,,,sprayer;_post_emerg1,,,0
Cauliflower,3,15,2,,,,,,,,,,,cultivator;_row_1_in,,,0
Cauliflower,4,1,2,,,,,,,,,,,sprayer;_fungicide,,,0
Cauliflower,4,8,2,,,,,,,,,,,sprayer;_insecticide,,,0
Cauliflower,4,15,2,,,,,,,,,,,weed_control;_manual,,,0
Cauliflower,5,15,2,,,,,,,,,,,harvest;_broccoli_an,,,0
Celery,3,1,1,,,,,Close_Seeded_(SR_Good),,,,,,disk;_offset;_heavy,,,0
Celery,3,2,1,,,,,,,,,,,subsoiler_ripper;_24,,,0
Celery,3,9,1,,,,,,,,,,,plow;_moldboard,,,0
Celery,3,10,1,,,,,,,,,,,disk;_offset;_heavy,,,0
Celery,3,11,1,,,,,,,,,,,disk;_tandem_light_f,,,0
Celery,3,15,1,,,,,,,,,,,land_plane,,,0
Celery,3,16,1,,,,,,,,,,,land_plane,,,0
Celery,3,20,1,,,,,,,,,,,lister;_40_in,,,0
Celery,4,1,1,,,,,,,,,,,fert_applic._shank_3,,,0
Celery,4,3,1,,,,,,,,,,,sprayer;_pre-emergen,,,0
Celery,4,5,1,,,,,,,,,,,bed_shaper,,,0
Celery,4,6,1,,celery;_hi_prod,,,,,,,,,planter;_transplant1,,,0
Celery,5,10,1,,,,,,,,,,,cultivator;_row_betw,,,0
Celery,5,30,1,,,,,,,,,,,cultivator;_row_betw,,,0
Celery,6,8,1,,,,,,,,,,,sprayer;_fungicide,,,0
Celery,6,15,1,,,,,,,,,,,weed_control;_manual,,,0
Celery,6,30,1,,,,,,,,,,,weed_control;_manual,,,0
Celery,7,1,1,,,,,,,,,,,sprayer;_insecticide,,,0
Celery,7,15,1,,,,,,,,,,,weed_control;_manual,,,0
Celery,8,1,1,,,,,,,,,,,harvest;_leafy_veg.,,,0
Lettuce,4,15,1,,,,,Close_Seeded_(SR_Good),,,,,,shredder;_flail_or_1,,,0
Lettuce,4,16,1,,,,,,,,,,,fert_applic._surface,,,0
Lettuce,4,17,1,,lettuce;_head_hi_pro,,,,,,,,,planter;_small_veg_1,,,0
Lettuce,4,30,1,,,,,,,,,,,cultivator;_row_-_1s,,,0
Lettuce,5,3,1,,,,,,,,,,,sprayer;_fungicide_a,,,0
Lettuce,5,10,1,,,,,,,,,,,cultivator;_row_-_1s,,,0
Lettuce,5,25,1,,,,,,,,,,,sprayer;_insecticide,,,0
Lettuce,5,26,1,,,,,,,,,,,weed_control;_manual,,,0
Lettuce,7,1,1,,,,,,,,,,,harvest;_cabbage_an1,,,0
Mustard,9,11,1,,,,,Close_Seeded_(SR_Good),,,,,,disk;_tandem_heavy_1,,,0
Mustard,9,12,1,,,,,,,,,,,harrow;_spike_tooth,,,0
Mustard,9,15,1,,mustard_greens;_hi_p,,,,,,,,,planter;_double_di5,,,0
Mustard,10,24,1,,,,,,,,,,,shredder;_flail_or_1,,,0
Mustard,10,25,1,,,,,,,,,,,disk;_tandem_heavy_1,,,0
Mustard,10,26,1,,,,,,,,,,,disk;_tandem_heavy_1,,,0
Clover_Wildflowers,5,1,1,,,,,Close_Seeded_(SR_Good),,,,,,disk;_tandem_second2,,,0
Clover_Wildflowers,5,2,1,,clover;_red_/oat_nur,,,,,,,,,planting;_broadcast2,,,0
Clover_Wildflowers,7,15,1,,,,,,,,,,,shredder;_flail_or_1,,,0
Oats,11,15,1,,,,,Small_Grain_(SR_Good),,,,,,disk;_tandem_heavy_1,,,0
Oats,11,16,1,,,,,,,,,,,harrow;_spike_tooth,,,0
Oats,12,1,1,,weeds;_less_than_3_m,,,,,,,,,begin_growth,,,0
Oats,2,5,2,,,,,,,,,,,disk;_tandem_heavy_1,,,0
Oats,2,10,2,,,,,,,,,,,fert_applic._surface,,,0
Oats,2,11,2,,,,,,,,,,,harrow;_spike_tooth,,,0
Oats,2,15,2,,oats;_spring,,,,,,,,,drill_or_airseeder;2,,,0
Oats,4,15,2,,,,,,,,,,,sprayer;_post_emerg1,,,0
Oats,6,15,2,,,,,,,,,,,harvest;_killing_cr5,,,0
Oats,6,25,2,,,,,,,,,,,bale_straw_or_residu,,,0
Winter_Wheat,11,10,1,,,,,Small_Grain_(SR_Good),,,,,,chisel;_st._pt.,,,0
Winter_Wheat,11,13,1,,,,,,,,,,,disk;_offset;_heavy,,,0
Winter_Wheat,11,14,1,,,,,,,,,,,harrow;_spike_tooth,,,0
Winter_Wheat,12,1,1,,,,,,,,,,,fert_applic._shank_1,,,0
Winter_Wheat,12,15,1,,wheat;_winter;_west_,,,,,,,,,drill_or_airseeder;2,,,0
Winter_Wheat,4,1,2,,,,,,,,,,,sprayer;_post_emerg1,,,0
Winter_Wheat,6,1,2,,,,,,,,,,,harvest;_killing_cr8,,,0
Alfalfa,2,15,1,,,,,Pasture_(Good),,,,,,sprayer;_insecticide,,,0
Alfalfa,3,1,1,,alfalfa_seed_sw;_yr1,,,,,,,,,harvest;_hay;_legume,,,0
Alfalfa,3,15,1,,,,,,,,,,,fert_applic._surface,,,0
Alfalfa,6,15,1,,alfalfa_seed_sw;_yr2,,,,,,,,,harvest;_hay;_legume,,,0
Alfalfa,2,15,2,,,,,,,,,,,sprayer;_insecticide,,,0
Alfalfa,3,1,2,,alfalfa_seed_sw;_yr1,,,,,,,,,harvest;_hay;_legume,,,0
Alfalfa,3,15,2,,,,,,,,,,,fert_applic._surface,,,0
Alfalfa,6,15,2,,alfalfa_seed_sw;_yr2,,,,,,,,,harvest;_hay;_legume,,,0
Alfalfa,2,15,3,,,,,,,,,,,sprayer;_insecticide,,,0
Alfalfa,3,1,3,,alfalfa_seed_sw;_yr1,,,,,,,,,harvest;_hay;_legume,,,0
Alfalfa,3,15,3,,,,,,,,,,,fert_applic._surface,,,0
Alfalfa,6,15,3,,alfalfa_seed_sw;_yr2,,,,,,,,,harvest;_hay;_legume,,,0
Chick_Peas,6,20,1,,,,,Close_Seeded_(SR_Good),,,,,,sprayer;_kill_crop,,,0
Chick_Peas,6,23,1,,,,,,,,,,,sprayer;_pre-emergen,,,0
Chick_Peas,6,25,1,,beans;_garbonzo,,,,,,,,,1rill_or_air_seeder2,,,0
Chick_Peas,7,25,1,,,,,,,,,,,sprayer;_insecticide,,,0
Chick_Peas,10,1,1,,,,,,,,,,,harvest;_killing_cr2,,,0
Carrots,4,5,1,,,,,Close_Seeded_(SR_Good),,,,,,disk;_tandem_heavy_1,,,0
Carrots,4,8,1,,,,,,,,,,,subsoiler,,,0
Carrots,4,10,1,,,,,,,,,,,disk;_tandem_second2,,,0
Carrots,4,11,1,,,,,,,,,,,disk;_tandem_second2,,,0
Carrots,4,18,1,,,,,,,,,,,land_plane,,,0
Carrots,5,19,1,,,,,,,,,,,disk;_tandem_second2,,,0
Carrots,5,20,1,,,,,,,,,,,disk;_tandem_light_f,,,0
Carrots,5,21,1,,,,,,,,,,,disk;_tandem_light_f,,,0
Carrots,5,31,1,,,,,,,,,,,land_plane,,,0
Carrots,6,1,1,,,,,,,,,,,fert_applic._surface,,,0
Carrots,6,2,1,,,,,,,,,,,bed_shaper,,,0
Carrots,6,15,1,,,,,,,,,,,sprayer;_pre-emergen,,,0
Carrots,6,16,1,,carrot;_processing,,,,,,,,,planter;_small_veg_1,,,0
Carrots,7,10,1,,,,,,,,,,,sprayer;_fungicide_a,,,0
Carrots,7,11,1,,,,,,,,,,,cultivator;_rotary,,,0
Carrots,7,15,1,,,,,,,,,,,fert_applic._shank_1,,,0
Carrots,7,16,1,,,,,,,,,,,sprayer;_post_emerg1,,,0
Carrots,8,20,1,,,,,,,,,,,weed_control;_manual,,,0
Carrots,9,1,1,,,,,,,,,,,sprayer;_post_emerg1,,,0
Carrots,11,15,1,,,,,,,,,,,harvest;_dig_root_c3,,,0
Sweet_Corn,3,5,1,,,,,,,,,,,chisel;_st._pt._15_i,,,0
Sweet_Corn,3,8,1,,,,,,,,,,,disk;_offset;_heavy,,,0
Sweet_Corn,3,9,1,,,,,,,,,,,disk;_tandem_light_f,,,0
Sweet_Corn,3,10,1,,,,,,,,,,,land_plane,,,0
Sweet_Corn,3,11,1,,,,,,,,,,,land_plane,,,0
Sweet_Corn,3,20,1,,,,,,,,,,,cultivator;_rotary,,,0
Sweet_Corn,3,21,1,,,,,,,,,,,cultivator;_rotary,,,0
Sweet_Corn,4,1,1,,,,,,,,,,,cultipacker;_roller,,,0
Sweet_Corn,4,3,1,,,,,,,,,,,sprayer;_pre-emergen,,,0
Sweet_Corn,4,10,1,,corn;_sweet_hi_prod,,,,,,,,,planter;_double_di7,,,0
Sweet_Corn,5,15,1,,,,,,,,,,,sprayer;_insecticide,,,0
Sweet_Corn,6,15,1,,,,,,,,,,,sprayer;_insecticide,,,0
Sweet_Corn,7,1,1,,,,,,,,,,,sprayer;_post_emerg1,,,0
Sweet_Corn,7,15,1,,,,,,,,,,,sprayer;_insecticide,,,0
Sweet_Corn,8,15,1,,,,,,,,,,,sprayer;_insecticide,,,0
Sweet_Corn,9,15,1,,,,,,,,,,,harvest;_hand_pick_1,,,0
Peppers,1,5,1,,,,,Close_Seeded_(SR_Good),,,,,,disk;_tandem_heavy_1,,,0
Peppers,1,6,1,,,,,,,,,,,cultipacker;_roller,,,0
Peppers,1,8,1,,,,,,,,,,,subsoiler,,,0
Peppers,1,18,1,,,,,,,,,,,land_plane,,,0
Peppers,2,20,1,,,,,,,,,,,disk;_tandem_light_f,,,0
Peppers,3,14,1,,,,,,,,,,,fert_applic._surface,,,0
Peppers,3,15,1,,,,,,,,,,,lister;_40_in,,,0
Peppers,3,25,1,,,,,,,,,,,bed_shaper,,,0
Peppers,4,15,1,,peppers;_bell_hi_pro,,,,,,,,,planter;_small_veg_1,,,0
Peppers,4,30,1,,,,,,,,,,,fert_applic._shank_1,,,0
Peppers,5,15,1,,,,,,,,,,,cultivator;_row_betw,,,0
Peppers,6,20,1,,,,,,,,,,,sprayer;_insecticide,,,0
Peppers,6,21,1,,,,,,,,,,,weed_control;_manual,,,0
Peppers,7,1,1,,,,,,,,,,,harvest;_hand_pick_m,,,0
Peppers,8,1,1,,,,,,,,,,,harvest;_hand_pick_m,,,0
Peppers,9,1,1,,,,,,,,,,,harvest;_hand_pick_m,,,0
Pumpkins,5,2,1,,,,,Close_Seeded_(SR_Good),,,,,,plow;_moldboard,,,0
Pumpkins,5,3,1,,,,,,,,,,,disk;_tandem_heavy_1,,,0
Pumpkins,5,4,1,,,,,,,,,,,harrow;_spike_tooth,,,0
Pumpkins,5,15,1,,pumpkin,,,,,,,,,planter;_double_di5,,,0
Pumpkins,6,15,1,,,,,,,,,,,cultivator;_row_-_1s,,,0
Pumpkins,6,16,1,,,,,,,,,,,cultivate;_manually,,,0
Pumpkins,7,1,1,,,,,,,,,,,cultivator;_row_-_1s,,,0
Pumpkins,7,15,1,,,,,,,,,,,sprayer;_fungicide,,,0
Pumpkins,8,15,1,,,,,,,,,,,sprayer;_insecticide,,,0
Pumpkins,9,15,1,,,,,,,,,,,harvest;_vine_crops,,,0
Pumpkins,10,31,1,,,,,,,,,,,kill_crop,,,0
Tomatoes,11,1,1,,,,,Close_Seeded_(SR_Good),,,,,,disk;_offset;_heavy,,,0
Tomatoes,11,2,1,,,,,,,,,,,disk;_offset;_heavy,,,0
Tomatoes,11,4,1,,,,,,,,,,,chisel;_st._pt._15_i,,,0
Tomatoes,11,5,1,,,,,,,,,,,chisel;_st._pt._15_i,,,0
Tomatoes,11,6,1,,,,,,,,,,,land_plane,,,0
Tomatoes,11,7,1,,,,,,,,,,,disk;_tandem_second2,,,0
Tomatoes,11,10,1,,,,,,,,,,,lister;_40_in,,,0
Tomatoes,11,15,1,,,,,,,,,,,cultivator;_rotary,,,0
Tomatoes,2,1,2,,,,,,,,,,,cultivator;_rotary,,,0
Tomatoes,2,10,2,,,,,,,,,,,fert_applic._shank_1,,,0
Tomatoes,2,28,2,,,,,,,,,,,bed_shaper,,,0
Tomatoes,3,1,2,,,,,,,,,,,sprayer;_pre-emergen,,,0
Tomatoes,3,2,2,,tomato;_fresh_mkt,,,,,,,,,planter;_transplant1,,,0
Tomatoes,4,1,2,,,,,,,,,,,cultivator;_row_betw,,,0
Tomatoes,4,15,2,,,,,,,,,,,sprayer;_insecticide,,,0
Tomatoes,5,1,2,,,,,,,,,,,cultivator;_row_betw,,,0
Tomatoes,5,15,2,,,,,,,,,,,sprayer;_insecticide,,,0
Tomatoes,5,27,2,,,,,,,,,,,sprayer;_post_emerg1,,,0
Tomatoes,6,1,2,,,,,,,,,,,harvest;_hand_pick_m,,,0
Tomatoes,6,15,2,,,,,,,,,,,harvest;_hand_pick_m,,,0
Tomatoes,6,30,2,,,,,,,,,,,harvest;_hand_pick_m,,,0
Strawberries,3,5,1,,,,,Close_Seeded_(SR_Good),,,,,,1isk;_offset;_heavy1,,,0
Strawberries,3,6,1,,,,,,,,,,,1isk;_offset;_heavy1,,,0
Strawberries,3,7,1,,,,,,,,,,,subsoiler_ripper;_24,,,0
Strawberries,3,8,1,,,,,,,,,,,subsoiler_ripper;_24,,,0
Strawberries,3,9,1,,,,,,,,,,,1isk;_offset;_heavy1,,,0
Strawberries,3,10,1,,,,,,,,,,,1isk;_offset;_heavy1,,,0
Strawberries,3,15,1,,,,,,,,,,,subsoiler_ripper;_24,,,0
Strawberries,3,16,1,,,,,,,,,,,subsoiler_ripper;_24,,,0
Strawberries,3,20,1,,,,,,,,,,,1isk;_offset;_heavy1,,,0
Strawberries,3,21,1,,,,,,,,,,,1isk;_offset;_heavy1,,,0
Strawberries,3,25,1,,,,,,,,,,,chisel;_st._pt._15_i,,,0
Strawberries,3,26,1,,,,,,,,,,,chisel;_st._pt._15_i,,,0
Strawberries,3,27,1,,,,,,,,,,,fert_applic._surface,,,0
Strawberries,3,28,1,,,,,,,,,,,1isk;_offset;_heavy1,,,0
Strawberries,3,29,1,,,,,,,,,,,1isk;_offset;_heavy1,,,0
Strawberries,3,30,1,,weeds;_less_than_3_m,,,,,,,,,begin_weed_growth,,,0
Strawberries,4,4,1,,,,,,,,,,,chisel;_st._pt._15_i,,,0
Strawberries,4,5,1,,,,,,,,,,,chisel;_st._pt._15_i,,,0
Strawberries,4,6,1,,,,,,,,,,,kill_crop,,,0
Strawberries,4,20,1,,,,,,,,,,,plastic_mulch;_remov,,,0
Strawberries,5,5,1,,,,,,,,,,,chisel;_st._pt._15_i,,,0
Strawberries,5,6,1,,,,,,,,,,,chisel;_st._pt._15_i,,,0
Strawberries,5,15,1,,,,,,,,,,,bedder;_hipper;_hil2,,,0
Strawberries,6,1,1,,,,,,,,,,,bed_shaper,,,0
Strawberries,8,15,1,,,,,,,,,,,plastic_mulch_appl4,,,0
Strawberries,8,16,1,,strawberry;_establis,,,,,,,,,planting;_manual,,,0
Strawberries,3,15,2,,,,,,,,,,,sprayer;_fungicide,,,0
Strawberries,3,30,2,,strawberry;_annual;1,,,,,,,,,harvest;_hand_pick,,,0
Strawberries,4,1,2,,,,,,,,,,,sprayer;_fungicide_a,,,0
Strawberries,4,22,2,,,,,,,,,,,sprayer;_fungicide_a,,,0
Strawberries,4,29,2,,,,,,,,,,,harvest;_hand_pick_m,,,0
Strawberries,5,1,2,,,,,,,,,,,sprayer;_fungicide_a,,,0
Strawberries,5,20,2,,,,,,,,,,,sprayer;_fungicide,,,0
Strawberries,5,29,2,,,,,,,,,,,harvest;_hand_pick_m,,,0
Strawberries,6,1,2,,,,,,,,,,,sprayer;_fungicide_a,,,0
Strawberries,6,20,2,,,,,,,,,,,sprayer;_fungicide,,,0
Strawberries,6,29,2,,,,,,,,,,,harvest;_hand_pick_m,,,0
Strawberries,7,10,2,,,,,,,,,,,sprayer;_fungicide_a,,,0
Strawberries,7,29,2,,,,,,,,,,,harvest;_hand_pick_m,,,0
Strawberries,8,10,2,,,,,,,,,,,sprayer;_insecticide,,,0
Strawberries,8,29,2,,,,,,,,,,,harvest;_hand_pick_m,,,0
Strawberries,9,10,2,,,,,,,,,,,sprayer;_fungicide,,,0
Strawberries,9,29,2,,,,,,,,,,,harvest;_hand_pick_m,,,0
Barley,10,15,1,,barley;_annual_wint1,,,Small_Grain_(SR_Good),,,,,,planting;_broadcast2,,,0
Barley,10,16,1,,,,,,,,,,,harrow;_spike_tooth;,,,0
Barley,2,15,2,,,,,,,,,,,add_mulch,,,0
Barley,3,15,2,,,,,,,,,,,shredder;_flail_or_1,,,0
Barley,4,15,2,,,,,,,,,,,disk;_offset;_heavy,,,0
Barley,5,15,2,,,,,,,,,,,disk;_tandem_light_f,,,0
Citrus,2,15,1,,,,,Woods_Grass_(Good),,,,,,harvest;_fruit_crops,,,0
Citrus,3,2,1,,citrus;_bare_ground,,,,,,,,,begin_growth,,,0
Citrus,3,3,1,,,,,,,,,,,sprayer;_insecticide,,,0
Citrus,4,1,1,,,,,,,,,,,sprayer;_post_emerg1,,,0
Citrus,5,15,1,,,,,,,,,,,sprayer;_insecticide,,,0
Citrus,6,1,1,,,,,,,,,,,sprayer;_post_emerg1,,,0
Citrus,6,15,1,,,,,,,,,,,harvest;_fruit_crops,,,0
Citrus,6,29,1,,,,,,,,,,,sprayer;_insecticide,,,0
Citrus,7,2,1,,,,,,,,,,,sprayer;_fungicide_a,,,0
Citrus,11,1,1,,,,,,,,,,,harvest;_fruit_crops,,,0
Citrus,11,15,1,,,,,,,,,,,sprayer;_fungicide,,,0
Avocados,2,15,1,,,,,Woods_Grass_(Good),,,,,,harvest;_fruit_crops,,,0
Avocados,3,2,1,,citrus;_bare_ground,,,,,,,,,begin_growth,,,0
Avocados,3,3,1,,,,,,,,,,,sprayer;_insecticide,,,0
Avocados,4,1,1,,,,,,,,,,,sprayer;_post_emerg1,,,0
Avocados,5,15,1,,,,,,,,,,,sprayer;_insecticide,,,0
Avocados,6,1,1,,,,,,,,,,,sprayer;_post_emerg1,,,0
Avocados,6,15,1,,,,,,,,,,,harvest;_fruit_crops,,,0
Avocados,6,29,1,,,,,,,,,,,sprayer;_insecticide,,,0
Avocados,7,2,1,,,,,,,,,,,sprayer;_fungicide_a,,,0
Avocados,11,1,1,,,,,,,,,,,harvest;_fruit_crops,,,0
Avocados,11,15,1,,,,,,,,,,,sprayer;_fungicide,,,0
Pecans,3,2,1,,pecan;_walnut;_bare_,,,Woods_Grass_(Good),,,,,,begin_growth,,,0
Pecans,4,1,1,,,,,,,,,,,sprayer;_post_emerg1,,,0
Pecans,4,15,1,,,,,,,,,,,sprayer;_fungicide,,,0
Pecans,4,29,1,,,,,,,,,,,sprayer;_fungicide,,,0
Pecans,5,13,1,,,,,,,,,,,sprayer;_fungicide,,,0
Pecans,5,27,1,,,,,,,,,,,sprayer;_insecticide,,,0
Pecans,6,1,1,,,,,,,,,,,sprayer;_post_emerg1,,,0
Pecans,6,15,1,,,,,,,,,,,sprayer;_insecticide,,,0
Pecans,7,1,1,,,,,,,,,,,sprayer;_insecticide,,,0
Pecans,7,15,1,,,,,,,,,,,sprayer;_insecticide,,,0
Pecans,8,15,1,,,,,,,,,,,sprayer;_insecticide,,,0
Pecans,10,15,1,,,,,,,,,,,harvest;_orchard_and,,,0
Walnuts,3,2,1,,pecan;_walnut;_bare_,,,Woods_Grass_(Good),,,,,,begin_growth,,,0
Walnuts,4,1,1,,,,,,,,,,,sprayer;_post_emerg1,,,0
Walnuts,4,15,1,,,,,,,,,,,sprayer;_fungicide,,,0
Walnuts,4,29,1,,,,,,,,,,,sprayer;_fungicide,,,0
Walnuts,5,13,1,,,,,,,,,,,sprayer;_fungicide,,,0
Walnuts,5,27,1,,,,,,,,,,,sprayer;_insecticide,,,0
Walnuts,6,1,1,,,,,,,,,,,sprayer;_post_emerg1,,,0
Walnuts,6,15,1,,,,,,,,,,,sprayer;_insecticide,,,0
Walnuts,7,1,1,,,,,,,,,,,sprayer;_insecticide,,,0
Walnuts,7,15,1,,,,,,,,,,,sprayer;_insecticide,,,0
Walnuts,8,15,1,,,,,,,,,,,sprayer;_insecticide,,,0
Walnuts,10,15,1,,,,,,,,,,,harvest;_orchard_and,,,0
Almonds,3,2,1,,pecan;_walnut;_bare_,,,Woods_Grass_(Good),,,,,,begin_growth,,,0
Almonds,4,1,1,,,,,,,,,,,sprayer;_post_emerg1,,,0
Almonds,4,15,1,,,,,,,,,,,sprayer;_fungicide,,,0
Almonds,4,29,1,,,,,,,,,,,sprayer;_fungicide,,,0
Almonds,5,13,1,,,,,,,,,,,sprayer;_fungicide,,,0
Almonds,5,27,1,,,,,,,,,,,sprayer;_insecticide,,,0
Almonds,6,1,1,,,,,,,,,,,sprayer;_post_emerg1,,,0
Almonds,6,15,1,,,,,,,,,,,sprayer;_insecticide,,,0
Almonds,7,1,1,,,,,,,,,,,sprayer;_insecticide,,,0
Almonds,7,15,1,,,,,,,,,,,sprayer;_insecticide,,,0
Almonds,8,15,1,,,,,,,,,,,sprayer;_insecticide,,,0
Almonds,10,15,1,,,,,,,,,,,harvest;_orchard_and,,,0
Grapes,10,1,1,,,,,Brush_(Good),,,,,,add_mulch,,,0
Grapes,10,15,1,,1ineyard;_establish1,,,,,,,,,begin_growth,,,0
Grapes,3,15,2,,,,,,,,,,,sprayer;_fungicide,,,0
Grapes,4,15,2,,,,,,,,,,,sprayer;_fungicide,,,0
Grapes,5,15,2,,,,,,,,,,,sprayer;_fungicide_a,,,0
Grapes,6,15,2,,,,,,,,,,,sprayer;_fungicide_a,,,0
Grapes,7,15,2,,,,,,,,,,,sprayer;_fungicide,,,0
Grapes,8,1,2,,,,,,,,,,,sprayer;_fungicide,,,0
Grapes,9,15,2,,,,,,,,,,,harvest;_fruit_crops,,,0
Apples,2,15,1,,,,,Woods_Grass_(Good),,,,,,harvest;_fruit_crops,,,0
Apples,3,2,1,,citrus;_bare_ground,,,,,,,,,begin_growth,,,0
Apples,3,3,1,,,,,,,,,,,sprayer;_insecticide,,,0
Apples,4,1,1,,,,,,,,,,,sprayer;_post_emerg1,,,0
Apples,5,15,1,,,,,,,,,,,sprayer;_insecticide,,,0
Apples,6,1,1,,,,,,,,,,,sprayer;_post_emerg1,,,0
Apples,6,15,1,,,,,,,,,,,harvest;_fruit_crops,,,0
Apples,6,29,1,,,,,,,,,,,sprayer;_insecticide,,,0
Apples,7,2,1,,,,,,,,,,,sprayer;_fungicide_a,,,0
Apples,11,1,1,,,,,,,,,,,harvest;_fruit_crops,,,0
Apples,11,15,1,,,,,,,,,,,sprayer;_fungicide,,,0
Apricots,2,15,1,,,,,Woods_Grass_(Good),,,,,,harvest;_fruit_crops,,,0
Apricots,3,2,1,,citrus;_bare_ground,,,,,,,,,begin_growth,,,0
Apricots,3,3,1,,,,,,,,,,,sprayer;_insecticide,,,0
Apricots,4,1,1,,,,,,,,,,,sprayer;_post_emerg1,,,0
Apricots,5,15,1,,,,,,,,,,,sprayer;_insecticide,,,0
Apricots,6,1,1,,,,,,,,,,,sprayer;_post_emerg1,,,0
Apricots,6,15,1,,,,,,,,,,,harvest;_fruit_crops,,,0
Apricots,6,29,1,,,,,,,,,,,sprayer;_insecticide,,,0
Apricots,7,2,1,,,,,,,,,,,sprayer;_fungicide_a,,,0
Apricots,11,1,1,,,,,,,,,,,harvest;_fruit_crops,,,0
Apricots,11,15,1,,,,,,,,,,,sprayer;_fungicide,,,0
Cherries,2,15,1,,,,,Woods_Grass_(Good),,,,,,harvest;_fruit_crops,,,0
Cherries,3,2,1,,citrus;_bare_ground,,,,,,,,,begin_growth,,,0
Cherries,3,3,1,,,,,,,,,,,sprayer;_insecticide,,,0
Cherries,4,1,1,,,,,,,,,,,sprayer;_post_emerg1,,,0
Cherries,5,15,1,,,,,,,,,,,sprayer;_insecticide,,,0
Cherries,6,1,1,,,,,,,,,,,sprayer;_post_emerg1,,,0
Cherries,6,15,1,,,,,,,,,,,harvest;_fruit_crops,,,0
Cherries,6,29,1,,,,,,,,,,,sprayer;_insecticide,,,0
Cherries,7,2,1,,,,,,,,,,,sprayer;_fungicide_a,,,0
Cherries,11,1,1,,,,,,,,,,,harvest;_fruit_crops,,,0
Cherries,11,15,1,,,,,,,,,,,sprayer;_fungicide,,,0
Nectarines,2,15,1,,,,,Woods_Grass_(Good),,,,,,harvest;_fruit_crops,,,0
Nectarines,3,2,1,,citrus;_bare_ground,,,,,,,,,begin_growth,,,0
Nectarines,3,3,1,,,,,,,,,,,sprayer;_insecticide,,,0
Nectarines,4,1,1,,,,,,,,,,,sprayer;_post_emerg1,,,0
Nectarines,5,15,1,,,,,,,,,,,sprayer;_insecticide,,,0
Nectarines,6,1,1,,,,,,,,,,,sprayer;_post_emerg1,,,0
Nectarines,6,15,1,,,,,,,,,,,harvest;_fruit_crops,,,0
Nectarines,6,29,1,,,,,,,,,,,sprayer;_insecticide,,,0
Nectarines,7,2,1,,,,,,,,,,,sprayer;_fungicide_a,,,0
Nectarines,11,1,1,,,,,,,,,,,harvest;_fruit_crops,,,0
Nectarines,11,15,1,,,,,,,,,,,sprayer;_fungicide,,,0
Oranges,2,15,1,,,,,Woods_Grass_(Good),,,,,,harvest;_fruit_crops,,,0
Oranges,3,2,1,,citrus;_bare_ground,,,,,,,,,begin_growth,,,0
Oranges,3,3,1,,,,,,,,,,,sprayer;_insecticide,,,0
Oranges,4,1,1,,,,,,,,,,,sprayer;_post_emerg1,,,0
Oranges,5,15,1,,,,,,,,,,,sprayer;_insecticide,,,0
Oranges,6,1,1,,,,,,,,,,,sprayer;_post_emerg1,,,0
Oranges,6,15,1,,,,,,,,,,,harvest;_fruit_crops,,,0
Oranges,6,29,1,,,,,,,,,,,sprayer;_insecticide,,,0
Oranges,7,2,1,,,,,,,,,,,sprayer;_fungicide_a,,,0
Oranges,11,1,1,,,,,,,,,,,harvest;_fruit_crops,,,0
Oranges,11,15,1,,,,,,,,,,,sprayer;_fungicide,,,0
Other_Tree_Crops,2,15,1,,,,,Woods_Grass_(Good),,,,,,harvest;_fruit_crops,,,0
Other_Tree_Crops,3,2,1,,citrus;_bare_ground,,,,,,,,,begin_growth,,,0
Other_Tree_Crops,3,3,1,,,,,,,,,,,sprayer;_insecticide,,,0
Other_Tree_Crops,4,1,1,,,,,,,,,,,sprayer;_post_emerg1,,,0
Other_Tree_Crops,5,15,1,,,,,,,,,,,sprayer;_insecticide,,,0
Other_Tree_Crops,6,1,1,,,,,,,,,,,sprayer;_post_emerg1,,,0
Other_Tree_Crops,6,15,1,,,,,,,,,,,harvest;_fruit_crops,,,0
Other_Tree_Crops,6,29,1,,,,,,,,,,,sprayer;_insecticide,,,0
Other_Tree_Crops,7,2,1,,,,,,,,,,,sprayer;_fungicide_a,,,0
Other_Tree_Crops,11,1,1,,,,,,,,,,,harvest;_fruit_crops,,,0
Other_Tree_Crops,11,15,1,,,,,,,,,,,sprayer;_fungicide,,,0
Peaches,2,15,1,,,,,Woods_Grass_(Good),,,,,,harvest;_fruit_crops,,,0
Peaches,3,2,1,,citrus;_bare_ground,,,,,,,,,begin_growth,,,0
Peaches,3,3,1,,,,,,,,,,,sprayer;_insecticide,,,0
Peaches,4,1,1,,,,,,,,,,,sprayer;_post_emerg1,,,0
Peaches,5,15,1,,,,,,,,,,,sprayer;_insecticide,,,0
Peaches,6,1,1,,,,,,,,,,,sprayer;_post_emerg1,,,0
Peaches,6,15,1,,,,,,,,,,,harvest;_fruit_crops,,,0
Peaches,6,29,1,,,,,,,,,,,sprayer;_insecticide,,,0
Peaches,7,2,1,,,,,,,,,,,sprayer;_fungicide_a,,,0
Peaches,11,1,1,,,,,,,,,,,harvest;_fruit_crops,,,0
Peaches,11,15,1,,,,,,,,,,,sprayer;_fungicide,,,0
Plums,2,15,1,,,,,Woods_Grass_(Good),,,,,,harvest;_fruit_crops,,,0
Plums,3,2,1,,citrus;_bare_ground,,,,,,,,,begin_growth,,,0
Plums,3,3,1,,,,,,,,,,,sprayer;_insecticide,,,0
Plums,4,1,1,,,,,,,,,,,sprayer;_post_emerg1,,,0
Plums,5,15,1,,,,,,,,,,,sprayer;_insecticide,,,0
Plums,6,1,1,,,,,,,,,,,sprayer;_post_emerg1,,,0
Plums,6,15,1,,,,,,,,,,,harvest;_fruit_crops,,,0
Plums,6,29,1,,,,,,,,,,,sprayer;_insecticide,,,0
Plums,7,2,1,,,,,,,,,,,sprayer;_fungicide_a,,,0
Plums,11,1,1,,,,,,,,,,,harvest;_fruit_crops,,,0
Plums,11,15,1,,,,,,,,,,,sprayer;_fungicide,,,0
Pomegranates,2,15,1,,,,,Woods_Grass_(Good),,,,,,harvest;_fruit_crops,,,0
Pomegranates,3,2,1,,citrus;_bare_ground,,,,,,,,,begin_growth,,,0
Pomegranates,3,3,1,,,,,,,,,,,sprayer;_insecticide,,,0
Pomegranates,4,1,1,,,,,,,,,,,sprayer;_post_emerg1,,,0
Pomegranates,5,15,1,,,,,,,,,,,sprayer;_insecticide,,,0
Pomegranates,6,1,1,,,,,,,,,,,sprayer;_post_emerg1,,,0
Pomegranates,6,15,1,,,,,,,,,,,harvest;_fruit_crops,,,0
Pomegranates,6,29,1,,,,,,,,,,,sprayer;_insecticide,,,0
Pomegranates,7,2,1,,,,,,,,,,,sprayer;_fungicide_a,,,0
Pomegranates,11,1,1,,,,,,,,,,,harvest;_fruit_crops,,,0
Pomegranates,11,15,1,,,,,,,,,,,sprayer;_fungicide,,,0
Pears,2,15,1,,,,,Woods_Grass_(Good),,,,,,harvest;_fruit_crops,,,0
Pears,3,2,1,,citrus;_bare_ground,,,,,,,,,begin_growth,,,0
Pears,3,3,1,,,,,,,,,,,sprayer;_insecticide,,,0
Pears,4,1,1,,,,,,,,,,,sprayer;_post_emerg1,,,0
Pears,5,15,1,,,,,,,,,,,sprayer;_insecticide,,,0
Pears,6,1,1,,,,,,,,,,,sprayer;_post_emerg1,,,0
Pears,6,15,1,,,,,,,,,,,harvest;_fruit_crops,,,0
Pears,6,29,1,,,,,,,,,,,sprayer;_insecticide,,,0
Pears,7,2,1,,,,,,,,,,,sprayer;_fungicide_a,,,0
Pears,11,1,1,,,,,,,,,,,harvest;_fruit_crops,,,0
Pears,11,15,1,,,,,,,,,,,sprayer;_fungicide,,,0
Watermelons,2,1,1,,,,,Close_Seeded_(C_Good),,,,,,disk;_tandem_heavy_1,,,0
Watermelons,2,10,1,,,,,,,,,,,disk;_tandem_second2,,,0
Watermelons,2,12,1,,,,,,,,,,,bed_shaper;_12_in,,,0
Watermelons,2,13,1,,,,,,,,,,,drip_tape_injection2,,,0
Watermelons,2,14,1,,,,,,,,,,,plastic_mulch_appl10,,,0
Watermelons,2,15,1,,watermelon1,,,,,,,,,planter;_transplant1,,,0
Watermelons,6,1,1,,watermelon1,,,,,,,,,harvest;_hand_pick,,,0
Watermelons,6,3,1,,,,,,,,,,,plastic_mulch;_remov,,,0
Safflower,10,3,1,,,,,Close_Seeded_(C_Good),,,,,,chisel;_twisted_sho1,,,0
Safflower,10,5,1,,,,,,,,,,,chisel;_twisted_sho1,,,0
Safflower,10,10,1,,,,,,,,,,,disk;_offset;_heavy,,,0
Safflower,10,12,1,,,,,,,,,,,disk;_offset;_heavy,,,0
Safflower,10,15,1,,,,,,,,,,,fert_applic._anhyd_1,,,0
Safflower,10,17,1,,,,,,,,,,,land_plane,,,0
Safflower,10,20,1,,,,,,,,,,,lister;_40_in,,,0
Safflower,1,25,2,,,,,,,,,,,sprayer;_post_emerg1,,,0
Safflower,3,1,2,,,,,,,,,,,cultivator;_row_3_in,,,0
Safflower,3,3,2,,,,,,,,,,,cultivator;_row_3_in,,,0
Safflower,3,4,2,,safflower,,,,,,,,,drill_or_airseeder;2,,,0
Safflower,6,15,2,,,,,,,,,,,sprayer;_post_emerg1,,,0
Safflower,8,15,2,,,,,,,,,,,harvest;_killing_cr5,,,0
Cantaloupes,11,10,1,,,,,Close_Seeded_(C_Good),,,,,,plow;_moldboard,,,0
Cantaloupes,11,30,1,,,,,,,,,,,disk;_tandem_heavy_1,,,0
Cantaloupes,12,1,1,,,,,,,,,,,sprayer;_pre-emergen,,,0
Cantaloupes,3,1,2,,,,,,,,,,,disk;_tandem_second2,,,0
Cantaloupes,3,7,2,,,,,,,,,,,fert_applic._surface,,,0
Cantaloupes,3,8,2,,,,,,,,,,,lister;_40_in,,,0
Cantaloupes,3,9,2,,,,,,,,,,,bed_shaper,,,0
Cantaloupes,3,15,2,,cantaloupe;_hi_prod,,,,,,,,,planter;_double_di5,,,0
Cantaloupes,3,28,2,,,,,,,,,,,sprayer;_insecticide,,,0
Cantaloupes,3,30,2,,,,,,,,,,,cultivator;_row_1_in,,,0
Cantaloupes,4,24,2,,,,,,,,,,,sprayer;_insecticide,,,0
Cantaloupes,4,26,2,,,,,,,,,,,cultivator;_row_1_in,,,0
Cantaloupes,5,14,2,,,,,,,,,,,sprayer;_insecticide,,,0
Cantaloupes,5,16,2,,,,,,,,,,,cultivator;_row_1_in,,,0
Cantaloupes,6,15,2,,,,,,,,,,,harvest;_vine_crops,,,0
Cantaloupes,6,30,2,,,,,,,,,,,harvest;_vine_crops,,,0
Sunflower,5,5,1,,,,,Close_Seeded_(C_Good),,,,,,disk;_offset;_heavy,,,0
Sunflower,5,10,1,,,,,,,,,,,disk;_offset;_heavy,,,0
Sunflower,5,12,1,,,,,,,,,,,chisel;_st._pt.,,,0
Sunflower,5,14,1,,,,,,,,,,,chisel;_st._pt.,,,0
Sunflower,5,16,1,,,,,,,,,,,land_plane,,,0
Sunflower,5,18,1,,,,,,,,,,,fert_applic._surface,,,0
Sunflower,6,5,1,,,,,,,,,,,mulch_treader,,,0
Sunflower,6,8,1,,sunflower,,,,,,,,,planter;_double_di5,,,0
Sunflower,8,8,1,,,,,,,,,,,sprayer;_post_emerg1,,,0
Sunflower,10,8,1,,,,,,,,,,,sprayer;_defoliant,,,0
Sunflower,10,15,1,,,,,,,,,,,harvest;_killing_cr8,,,0
Sunflower,10,20,1,,,,,,,,,,,shredder;_rotary_mow,,,0
Sunflower,10,25,1,,,,,,,,,,,disk;_offset;_heavy,,,0
Sunflower,5,5,2,,,,,,,,,,,disk;_offset;_heavy,,,0
Sunflower,5,10,2,,,,,,,,,,,disk;_offset;_heavy,,,0
Sunflower,5,12,2,,,,,,,,,,,chisel;_st._pt.,,,0
Sunflower,5,14,2,,,,,,,,,,,chisel;_st._pt.,,,0
Sunflower,5,16,2,,,,,,,,,,,land_plane,,,0
Sunflower,5,18,2,,,,,,,,,,,fert_applic._surface,,,0
Sunflower,6,5,2,,,,,,,,,,,mulch_treader,,,0
Sunflower,6,8,2,,sorghum;_grain,,,,,,,,,planter;_double_di5,,,0
Sunflower,8,15,2,,,,,,,,,,,sprayer;_post_emerg1,,,0
Sunflower,10,15,2,,,,,,,,,,,harvest;_killing_cr4,,,0
Sunflower,10,20,2,,,,,,,,,,,shredder;_flail_or_1,,,0
Blueberries,1,1,1,,blueberry;_tall_bush,,,Close_Seeded_(C_Good),,,,,,begin_growth,,,0
Blueberries,5,15,1,,,,,,,,,,,manure_spreader;_sol,,,0
Blueberries,5,16,1,,,,,,,,,,,add_mulch,,,0
Blueberries,8,1,1,,,,,,,,,,,harvest;_hand_pick_m,,,0
Buckwheat,5,10,1,,,,,Small_Grain_(SR_Good),,,,,,disk;_tandem_heavy_1,,,0
Buckwheat,6,10,1,,,,,,,,,,,disk;_tandem_light_f,,,0
Buckwheat,6,11,1,,buckwheat,,,,,,,,,planting;_broadcast2,,,0
Buckwheat,7,20,1,,,,,,,,,,,disk;_tandem_heavy_1,,,0
Buckwheat,7,21,1,,,,,,,,,,,disk;_tandem_light_f,,,0
Buckwheat,7,22,1,,buckwheat,,,,,,,,,planting;_broadcast2,,,0
Buckwheat,8,30,1,,,,,,,,,,,disk;_tandem_heavy_1,,,0
Buckwheat,9,1,1,,,,,,,,,,,disk;_tandem_light_f,,,0
Cucumbers,5,15,1,,,,,Close_Seeded_(C_Good),,,,,,disk;_tandem_heavy_1,,,0
Cucumbers,5,24,1,,,,,,,,,,,harrow;_coiled_tine,,,0
Cucumbers,5,25,1,,,,,,,,,,,plastic_mulch_appl11,,,0
Cucumbers,5,26,1,,cucumber,,,,,,,,,planter;_transplant1,,,0
Cucumbers,10,1,1,,,,,,,,,,,harvest;_vine_crops,,,0
Cucumbers,10,5,1,,,,,,,,,,,kill_crop,,,0
Cucumbers,10,6,1,,,,,,,,,,,plastic_mulch;_remov,,,0
Peas,4,25,1,,,,,Close_Seeded_(C_Good),,,,,,disk;_tandem_heavy_1,,,0
Peas,5,5,1,,,,,,,,,,,harrow;_coiled_tine,,,0
Peas,5,6,1,,peas;_green;_rows,,,,,,,,,planter;_double_di5,,,0
Peas,5,25,1,,,,,,,,,,,cultivator;_row_1_in,,,0
Peas,7,4,1,,,,,,,,,,,harvest;_killing_cr5,,,0
Peas,8,14,1,,,,,,,,,,,manure_spreader;_sol,,,0
Peas,8,15,1,,,,,,,,,,,disk;_tandem_light_f,,,0
Peas,8,16,1,,rye;_winter_cover,,,,,,,,,planting;_broadcast2,,,0
Turnips,5,5,1,,,,,Close_Seeded_(C_Good),,,,,,disk;_tandem_heavy_1,,,0
Turnips,5,15,1,,,,,,,,,,,harrow;_coiled_tine,,,0
Turnips,5,16,1,,turnip;_fall,,,,,,,,,planter;_small_veg_1,,,0
Turnips,6,1,1,,,,,,,,,,,cultivator;_row_1_in,,,0
Turnips,9,1,1,,,,,,,,,,,harvest;_hand_pull,,,0
Canola,8,25,1,,,,,,,,,,,disk;_tandem_heavy_1,,,0
Canola,9,5,1,,,,,,,,,,,disk;_tandem_second2,,,0
Canola,9,15,1,,,,,,,,,,,fert_applic._surface,,,0
Canola,9,16,1,,,,,,,,,,,disk;_tandem_light_f,,,0
Canola,9,25,1,,canola;_winter,,,,,,,,,1rill_or_air_seeder1,,,0
Canola,3,20,2,,,,,,,,,,,fert_applic._surface,,,0
Canola,6,7,2,,,,,,,,,,,harvest;_killing_cr2,,,0
Potatoes,2,20,1,,,,,Close_Seeded_(SR_Good),,,,,,disk;_tandem_heavy_1,,,0
Potatoes,2,21,1,,,,,,,,,,,disk;_tandem_light_f,,,0
Potatoes,2,22,1,,,,,,,,,,,fert_applic._surface,,,0
Potatoes,2,23,1,,,,,,,,,,,bedder;_hipper;_dis1,,,0
Potatoes,3,1,1,,potato;_irish,,,,,,,,,planter;_potato;_6_1,,,0
Potatoes,3,15,1,,,,,,,,,,,cultivator;_row_3_in,,,0
Potatoes,4,1,1,,,,,,,,,,,cultivator;_row_3_in,,,0
Potatoes,4,20,1,,,,,,,,,,,cultivator;_off_bar_,,,0
Potatoes,5,1,1,,,,,,,,,,,sprayer;_fungicide_a,,,0
Potatoes,5,10,1,,,,,,,,,,,sprayer;_fungicide_a,,,0
Potatoes,5,20,1,,,,,,,,,,,sprayer;_fungicide_a,,,0
Potatoes,6,10,1,,,,,,,,,,,sprayer;_defoliant,,,0
Potatoes,7,3,1,,,,,,,,,,,harvest;_dig_root_c5,,,0
Sweet_Potatoes,5,15,1,,,,,Close_Seeded_(SR_Good),,,,,,disk;_tandem_heavy_1,,,0
Sweet_Potatoes,5,16,1,,,,,,,,,,,disk;_tandem_light_f,,,0
Sweet_Potatoes,5,17,1,,,,,,,,,,,fert_applic._surface,,,0
Sweet_Potatoes,5,18,1,,,,,,,,,,,bedder;_hipper;_dis1,,,0
Sweet_Potatoes,5,25,1,,potato;_sweet,,,,,,,,,planter;_transplant2,,,0
Sweet_Potatoes,6,15,1,,,,,,,,,,,cultivator;_row_3_in,,,0
Sweet_Potatoes,6,25,1,,,,,,,,,,,cultivator;_row_3_in,,,0
Sweet_Potatoes,7,5,1,,,,,,,,,,,cultivator;_off_bar_,,,0
Sweet_Potatoes,7,25,1,,,,,,,,,,,sprayer;_fungicide_a,,,0
Sweet_Potatoes,8,15,1,,,,,,,,,,,sprayer;_fungicide_a,,,0
Sweet_Potatoes,9,13,1,,,,,,,,,,,harvest;_dig_root_c5,,,0
Tobacco,12,1,1,,,,,,,,,,,disk;_tandem_heavy_1,,,0
Tobacco,3,10,2,,,,,,,,,,,disk;_tandem_second2,,,0
Tobacco,4,1,2,,,,,,,,,,,disk;_tandem_light_f,,,0
Tobacco,4,10,2,,,,,,,,,,,bedder;_hipper;_dis1,,,0
Tobacco,4,20,2,,,,,,,,,,,bed_shaper,,,0
Tobacco,5,1,2,,tobacco;_flue_cured,,,,,,,,,planter;_transplant2,,,0
Tobacco,5,10,2,,,,,,,,,,,cultivator;_row_3_in,,,0
Tobacco,5,20,2,,,,,,,,,,,cultivator;_row_3_in,,,0
Tobacco,5,25,2,,,,,,,,,,,sprayer;_insecticide,,,0
Tobacco,6,1,2,,,,,,,,,,,cultivator;_row_3_in,,,0
Tobacco,6,5,2,,,,,,,,,,,sprayer;_insecticide,,,0
Tobacco,6,10,2,,,,,,,,,,,cultivator;_off_bar_,,,0
Tobacco,6,20,2,,,,,,,,,,,sprayer;_fungicide_a,,,0
Tobacco,7,1,2,,,,,,,,,,,sprayer;_growth_regu,,,0
Tobacco,7,10,2,,,,,,,,,,,sprayer;_growth_regu,,,0
Tobacco,7,20,2,,,,,,,,,,,sprayer;_growth_regu,,,0
Tobacco,8,1,2,,,,,,,,,,,harvest;_hand_pick_m,,,0
Tobacco,8,25,2,,,,,,,,,,,harvest;_hand_pick_m,,,0
Tobacco,9,12,2,,,,,,,,,,,harvest;_tobacco;_f1,,,0
Millet,5,1,1,,,,,,,,,,,disk;_tandem_second2,,,0
Millet,5,2,1,,short_millets_or_cr7,,,,,,,,,drill_or_airseeder;2,,,0
Millet,5,15,1,,,,,,,,,,,grazing;_set_season2,,,0
Millet,8,15,1,,,,,,,,,,,grazing;_set_season2,,,0
Millet,10,1,1,,,,,,,,,,,grazing;_set_season2,,,0
Onions,10,14,1,,,,,Close_Seeded_(SR_Good),,,,,,plow;_moldboard,,,0
Onions,10,15,1,,,,,,,,,,,1isk;_offset;_heavy1,,,0
Onions,11,9,1,,,,,,,,,,,fert_applic._surface,,,0
Onions,11,10,1,,,,,,,,,,,rototiller;_field,,,0
Onions,11,11,1,,,,,,,,,,,bedder;_hipper;_dis1,,,0
Onions,11,12,1,,delayed_germination,,,,,,,,,planting;_hand_5_per,,,0
Onions,11,13,1,,,,,,,,,,,sprayer;_pre-emergen,,,0
Onions,11,14,1,,,,,,,,,,,sprayer;_pre-emergen,,,0
Onions,11,28,1,,,,,,,,,,,sprayer;_fungicide,,,0
Onions,12,12,1,,,,,,,,,,,sprayer;_fungicide,,,0
Onions,12,26,1,,,,,,,,,,,sprayer;_fungicide,,,0
Onions,1,2,2,,,,,,,,,,,fert_applic._surface,,,0
Onions,1,9,2,,,,,,,,,,,sprayer;_fungicide,,,0
Onions,1,23,2,,onion;_dry_bulb;_vid,,,,,,,,,begin_growth,,,0
Onions,1,24,2,,,,,,,,,,,sprayer;_fungicide,,,0
Onions,2,6,2,,,,,,,,,,,sprayer;_fungicide,,,0
Onions,2,13,2,,,,,,,,,,,fert_applic._surface,,,0
Onions,2,20,2,,,,,,,,,,,sprayer;_fungicide,,,0
Onions,3,5,2,,,,,,,,,,,sprayer;_fungicide,,,0
Onions,4,23,2,,,,,,,,,,,harvest;_onions,,,0
Peanuts,11,15,1,,,,,Close_Seeded_(SR_Good),,,,,,disk;_tandem_heavy_1,,,0
Peanuts,5,1,2,,,,,,,,,,,disk;_tandem_second2,,,0
Peanuts,5,10,2,,,,,,,,,,,disk;_tandem_light_f,,,0
Peanuts,5,15,2,,peanut;_runner,,,,,,,,,planter;_in-row_sub1,,,0
Peanuts,5,20,2,,,,,,,,,,,sprayer;_post_emerg1,,,0
Peanuts,6,15,2,,,,,,,,,,,sprayer;_post_emerg1,,,0
Peanuts,7,15,2,,,,,,,,,,,sprayer;_post_emerg1,,,0
Peanuts,8,15,2,,,,,,,,,,,sprayer;_post_emerg1,,,0
Peanuts,9,15,2,,,,,,,,,,,sprayer;_post_emerg1,,,0
Peanuts,10,15,2,,,,,,,,,,,harvest;_peanut_digg,,,0
Radishes,8,30,1,,,,,Close_Seeded_(SR_Good),,,,,,disk;_tandem_heavy_1,,,0
Radishes,9,1,1,,,,,,,,,,,disk;_tandem_light_f,,,0
Radishes,9,10,1,,radish;_oilseed;_co2,,,,,,,,,1rill_or_air_seeder1,,,0
Radishes,1,15,2,,,,,,,,,,,winter_kill_annual_c,,,0
Rye,10,2,1,,rye;_cereal,,,Small_Grain_(SR_Good),,,,,,drill_or_airseeder;4,,,0
Rye,10,3,1,,,,,,,,,,,manure;_liquid_irrig,,,0
Rye,11,10,1,,,,,,,,,,,manure;_liquid_irrig,,,0
Rye,3,9,2,,,,,,,,,,,manure;_liquid_irrig,,,0
Rye,3,29,2,,,,,,,,,,,harvest;_hay;_no_reg,,,0
Sorghum,4,15,1,,,,,,,,,,,disk;_tandem_heavy_1,,,0
Sorghum,4,25,1,,,,,,,,,,,disk;_tandem_second2,,,0
Sorghum,5,5,1,,,,,,,,,,,fert_applic._surface,,,0
Sorghum,5,6,1,,,,,,,,,,,disk;_tandem_light_f,,,0
Sorghum,5,15,1,,sorghum;_grain,,,,,,,,,planter;_double_di5,,,0
Sorghum,5,16,1,,,,,,,,,,,sprayer;_pre-emergen,,,0
Sorghum,10,17,1,,,,,,,,,,,harvest;_killing_cr5,,,0
Squash,3,20,1,,,,,Close_Seeded_(SR_Good),,,,,,disk;_tandem_heavy_1,,,0
Squash,4,1,1,,,,,,,,,,,disk;_tandem_second2,,,0
Squash,4,5,1,,,,,,,,,,,disk;_tandem_light_f,,,0
Squash,4,10,1,,,,,,,,,,,fert_applic._surface,,,0
Squash,4,11,1,,,,,,,,,,,bedder;_hipper;_dis1,,,0
Squash,4,12,1,,,,,,,,,,,plastic_mulch_appl11,,,0
Squash,4,20,1,,squash,,,,,,,,,planter;_transplant2,,,0
Squash,5,5,1,,,,,,,,,,,sprayer;_insecticide,,,0
Squash,5,15,1,,,,,,,,,,,sprayer;_fungicide_a,,,0
Squash,5,25,1,,,,,,,,,,,sprayer;_fungicide_a,,,0
Squash,6,10,1,,,,,,,,,,,harvest;_hand_pick_m,,,0
Squash,7,14,1,,,,,,,,,,,plastic_mulch;_remov,,,0
Squash,7,15,1,,,,,,,,,,,kill_crop,,,0
Switchgrass,1,1,1,,switchgrass;_lower_m,,,Close_Seeded_(SR_Good),,,,,,begin_growth,,,0
Switchgrass,12,30,1,,,,,,,,,,,grazing;_continuous2,,,0
Vetch,8,30,1,,,,,Close_Seeded_(SR_Good),,,,,,sprayer;_kill_crop,,,0
Vetch,9,1,1,,,,,,,,,,,disk;_tandem_light_f,,,0
Vetch,9,10,1,,vetch;_hairy,,,,,,,,,1rill_or_air_seeder1,,,0
Dbl_Crop_WinWht_Cotton,11,10,1,,,,,,,,,,,bedder;_hipper;_dis1,,,0
Dbl_Crop_WinWht_Cotton,11,15,1,,wheat;_winter_cover,,,,,,,,,planting;_broadcast2,,,0
Dbl_Crop_WinWht_Cotton,4,15,2,,,,,,,,,,,sprayer;_kill_crop,,,0
Dbl_Crop_WinWht_Cotton,4,25,2,,,,,,,,,,,fert_applic._surface,,,0
Dbl_Crop_WinWht_Cotton,5,1,2,,,,,,,,,,,do_all;_on_beds,,,0
Dbl_Crop_WinWht_Cotton,5,10,2,,,,,,,,,,,sprayer;_pre-emergen,,,0
Dbl_Crop_WinWht_Cotton,5,15,2,,cotton;_delta,,,,,,,,,planter;_double_di5,,,0
Dbl_Crop_WinWht_Cotton,6,5,2,,,,,,,,,,,sprayer;_post_emerg1,,,0
Dbl_Crop_WinWht_Cotton,7,1,2,,,,,,,,,,,sprayer;_insecticide,,,0
Dbl_Crop_WinWht_Cotton,8,1,2,,,,,,,,,,,sprayer;_insecticide,,,0
Dbl_Crop_WinWht_Cotton,9,20,2,,,,,,,,,,,sprayer;_defoliant,,,0
Dbl_Crop_WinWht_Cotton,10,1,2,,,,,,,,,,,harvest;_cotton_and_,,,0
Cotton,11,15,1,,,,,,,,,,,subsoiler_bedder_(ri,,,0
Cotton,11,16,1,,,,,,,,,,,bedder;_hipper;_dis1,,,0
Cotton,2,28,2,,,,,,,,,,,fert_applic._surface,,,0
Cotton,3,15,2,,,,,,,,,,,sprayer;_pre-emergen,,,0
Cotton,5,10,2,,,,,,,,,,,do_all;_on_beds,,,0
Cotton,5,15,2,,cotton;_delta,,,,,,,,,planter;_double_di5,,,0
Cotton,5,16,2,,,,,,,,,,,sprayer;_pre-emergen,,,0
Cotton,5,31,2,,,,,,,,,,,sprayer;_post_emerg1,,,0
Cotton,6,4,2,,,,,,,,,,,fert_applic._surface,,,0
Cotton,6,5,2,,,,,,,,,,,cultivator;_row_betw,,,0
Cotton,6,6,2,,,,,,,,,,,sprayer;_post_emerg1,,,0
Cotton,6,20,2,,,,,,,,,,,sprayer;_post_emerg1,,,0
Cotton,6,21,2,,,,,,,,,,,sprayer;_insecticide,,,0
Cotton,7,1,2,,,,,,,,,,,sprayer;_insecticide,,,0
Cotton,7,10,2,,,,,,,,,,,sprayer;_post_emerg1,,,0
Cotton,7,15,2,,,,,,,,,,,sprayer;_insecticide,,,0
Cotton,8,1,2,,,,,,,,,,,sprayer;_insecticide,,,0
Cotton,9,20,2,,,,,,,,,,,sprayer;_defoliant,,,0
Cotton,10,1,2,,,,,,,,,,,harvest;_cotton_and_,,,0
Dbl_Crop_Durum_Wht_Sorghum,10,10,1,,wheat;_winter;_grai1,,,,,,,,,drill_or_airseeder;4,,,0
Dbl_Crop_Durum_Wht_Sorghum,6,1,2,,,,,,,,,,,harvest;_killing_cr5,,,0
Dbl_Crop_Durum_Wht_Sorghum,6,10,2,,sorghum;_grain;_sout,,,,,,,,,planter;_double_di6,,,0
Dbl_Crop_Durum_Wht_Sorghum,10,1,2,,,,,,,,,,,harvest;_killing_cr5,,,0
Rice,4,1,1,,,,,Small_Grain_(SR_Good),,,,,,sprayer;_post_emerg1,,,0
Rice,4,9,1,,,,,,,,,,,fert_applic._surface,,,0
Rice,4,10,1,,,,,,,,,,,disk;_tandem_light_f,,,0
Rice,4,11,1,,rice;_ar;_flooded,,,,,,,,,drill_or_airseeder;2,,,0
Rice,4,20,1,,,,,,,,,,,water_mulch;_on,,,0
Rice,4,23,1,,,,,,,,,,,fert_applic._surface,,,0
Rice,8,5,1,,,,,,,,,,,water_mulch;_off,,,0
Rice,8,24,1,,,,,,,,,,,harvest;_killing_cr5,,,0
Rice,8,25,1,,weeds;_winter;_mid_s,,,,,,,,,begin_weed_growth,,,0
Cranberries,2,1,1,,cranberries;_establi,,,Close_Seeded_(SR_Good),,,,,,begin_growth,,,0
Cranberries,4,10,1,,,,,,,,,,,sprayer;_fungicide,,,0
Cranberries,5,10,1,,,,,,,,,,,sprayer;_post_emerg1,,,0
Cranberries,6,10,1,,,,,,,,,,,sprayer;_insecticide,,,0
Cranberries,10,1,1,,,,,,,,,,,water_mulch;_on,,,0
Cranberries,10,15,1,,,,,,,,,,,harvest;_cranberries,,,0
Cranberries,11,1,1,,,,,,,,,,,water_mulch;_off,,,0
Dry_Beans,10,15,1,,,,,,,,,,,chisel;_st._pt.,,,0
Dry_Beans,5,15,2,,,,,,,,,,,disk;_tandem_light_f,,,0
Dry_Beans,5,19,2,,,,,,,,,,,cultivator;_field_62,,,0
Dry_Beans,5,20,2,,,,,,,,,,,fert_applic._surface,,,0
Dry_Beans,5,21,2,,bean;_field_30in_row,,,,,,,,,planter;_double_di5,,,0
Dry_Beans,6,5,2,,,,,,,,,,,sprayer;_post_emerg1,,,0
Dry_Beans,6,15,2,,,,,,,,,,,sprayer;_insecticide,,,0
Dry_Beans,7,15,2,,,,,,,,,,,sprayer;_fungicide,,,0
Dry_Beans,9,20,2,,,,,,,,,,,harvest;_knife;_wind,,,0
Dry_Beans,10,16,2,,,,,,,,,,,chisel;_st._pt.,,,0
Dry_Beans,5,5,3,,,,,,,,,,,disk;_tandem_light_f,,,0
Dry_Beans,5,9,3,,,,,,,,,,,cultivator;_field_62,,,0
Dry_Beans,5,10,3,,,,,,,,,,,fert_applic._surface,,,0
Dry_Beans,5,11,3,,corn;_grain,,,,,,,,,planter;_double_di5,,,0
Dry_Beans,6,17,3,,,,,,,,,,,sprayer;_post_emerg1,,,0
Dry_Beans,10,15,3,,,,,,,,,,,harvest;_killing_cr5,,,0
Dry_Beans,10,15,4,,,,,,,,,,,chisel;_st._pt.,,,0
Dry_Beans,5,15,5,,,,,,,,,,,disk;_tandem_light_f,,,0
Dry_Beans,5,19,5,,,,,,,,,,,cultivator;_field_62,,,0
Dry_Beans,5,20,5,,,,,,,,,,,fert_applic._surface,,,0
Dry_Beans,5,21,5,,bean;_field_30in_row,,,,,,,,,planter;_double_di5,,,0
Dry_Beans,6,5,5,,,,,,,,,,,sprayer;_post_emerg1,,,0
Dry_Beans,6,15,5,,,,,,,,,,,sprayer;_insecticide,,,0
Dry_Beans,7,15,5,,,,,,,,,,,sprayer;_fungicide,,,0
Dry_Beans,9,20,5,,,,,,,,,,,harvest;_knife;_wind,,,0
Flaxseed,10,20,1,,,,,Close_Seeded_(SR_Good),,,,,,chisel;_st._pt.,,,0
Flaxseed,5,10,2,,,,,,,,,,,disk;_tandem_light_f,,,0
Flaxseed,5,14,2,,,,,,,,,,,fert_applic._surface,,,0
Flaxseed,5,15,2,,,,,,,,,,,cultivator;_field_62,,,0
Flaxseed,5,16,2,,flax,,,,,,,,,drill_or_airseeder;2,,,0
Flaxseed,6,1,2,,,,,,,,,,,sprayer;_post_emerg1,,,0
Flaxseed,9,5,2,,,,,,,,,,,harvest;_killing_cr5,,,0
Lentils,10,20,1,,,,,Close_Seeded_(SR_Good),,,,,,disk;_tandem_heavy_1,,,0
Lentils,4,17,2,,,,,,,,,,,chisel;_twisted_sho1,,,0
Lentils,4,30,2,,,,,,,,,,,disk;_tandem_light_f,,,0
Lentils,5,1,2,,,,,,,,,,,sprayer;_pre-emergen,,,0
Lentils,5,2,2,,lentils,,,,,,,,,drill_or_airseeder;2,,,0
Lentils,5,15,2,,,,,,,,,,,sprayer;_post_emerg1,,,0
Lentils,5,25,2,,,,,,,,,,,sprayer;_insecticide,,,0
Lentils,7,15,2,,,,,,,,,,,sprayer;_fungicide,,,0
Lentils,8,15,2,,,,,,,,,,,harvest;_killing_cr5,,,0
Sugarbeets,8,15,1,,,,,Close_Seeded_(SR_Good),,,,,,chisel;_twisted_sho1,,,0
Sugarbeets,9,15,1,,,,,,,,,,,chisel;_twisted_sho1,,,0
Sugarbeets,4,24,2,,,,,,,,,,,harrow;_spike_tooth,,,0
Sugarbeets,4,25,2,,,,,,,,,,,fert_applic._surface,,,0
Sugarbeets,4,26,2,,sugarbeet;_sugar,,,,,,,,,planter;_double_di5,,,0
Sugarbeets,5,15,2,,,,,,,,,,,sprayer;_post_emerg1,,,0
Sugarbeets,5,25,2,,,,,,,,,,,sprayer;_post_emerg1,,,0
Sugarbeets,6,5,2,,,,,,,,,,,fert_applic._side-dr,,,0
Sugarbeets,6,10,2,,,,,,,,,,,sprayer;_post_emerg1,,,0
Sugarbeets,6,15,2,,,,,,,,,,,sprayer;_post_emerg1,,,0
Sugarbeets,7,15,2,,,,,,,,,,,sprayer;_fungicide,,,0
Sugarbeets,7,30,2,,,,,,,,,,,sprayer;_insecticide,,,0
Sugarbeets,8,15,2,,,,,,,,,,,sprayer;_fungicide,,,0
Sugarbeets,10,2,2,,,,,,,,,,,shredder;_flail_or_1,,,0
Sugarbeets,10,10,2,,,,,,,,,,,harvest;_dig_root_c3,,,0
Eggplants,3,26,1,,,,,Close_Seeded_(SR_Good),,,,,,rototiller;_field,,,0
Eggplants,4,16,1,,,,,,,,,,,disk;_tandem_light_f,,,0
Eggplants,5,1,1,,eggplant1,,,,,,,,,planting;_manual,,,0
Eggplants,5,26,1,,,,,,,,,,,weed_control;_manual,,,0
Eggplants,6,23,1,,,,,,,,,,,weed_control;_manual,,,0
Eggplants,9,10,1,,,,,,,,,,,harvest;_hand_pick_1,,,0
Eggplants,10,4,1,,,,,,,,,,,disk;_tandem_second2,,,0
Mint,10,1,1,,,,,Close_Seeded_(SR_Good),,,,,,plow;_moldboard_6-7_,,,0
Mint,10,2,1,,,,,,,,,,,disk;_tandem_second2,,,0
Mint,10,15,1,,,,,,,,,,,disk;_tandem_second2,,,0
Mint,10,16,1,,mint;_fall_seed,,,,,,,,,drill;_semi-deep_fur,,,0
Mint,4,1,2,,,,,,,,,,,fert_applic._surface,,,0
Mint,6,1,2,,,,,,,,,,,sprayer;_fungicide_a,,,0
Mint,7,1,2,,,,,,,,,,,sprayer;_fungicide_a,,,0
Mint,8,1,2,,,,,,,,,,,sprayer;_fungicide_a,,,0
Mint,8,15,2,,mint;_spring_seed_re,,,,,,,,,harvest;_hay;_legume,,,0
Mint,8,16,2,,,,,,,,,,,add_mulch,,,0
Mint,4,1,3,,,,,,,,,,,fert_applic._surface,,,0
Mint,6,1,3,,,,,,,,,,,sprayer;_fungicide_a,,,0
Mint,7,1,3,,,,,,,,,,,sprayer;_fungicide_a,,,0
Mint,7,4,3,,mint;_yr2_regrowth_a,,,,,,,,,harvest;_hay;_legume,,,0
Mint,7,5,3,,,,,,,,,,,add_mulch,,,0
Mint,8,1,3,,,,,,,,,,,sprayer;_fungicide_a,,,0
Mint,8,15,3,,mint;_yr2_senes_to_y,,,,,,,,,harvest;_hay;_legume,,,0
Mint,8,16,3,,,,,,,,,,,add_mulch,,,0
Mint,6,1,4,,,,,,,,,,,sprayer;_fungicide_a,,,0
Mint,7,1,4,,,,,,,,,,,sprayer;_fungicide_a,,,0
Mint,7,4,4,,mint;_yr3_regrowth_a,,,,,,,,,harvest;_hay;_legume,,,0
Mint,7,5,4,,,,,,,,,,,add_mulch,,,0
Mint,8,1,4,,,,,,,,,,,sprayer;_fungicide_a,,,0
Mint,8,15,4,,mint;_yr3_senes_to_y,,,,,,,,,harvest;_hay;_legume,,,0
Mint,8,16,4,,,,,,,,,,,add_mulch,,,0
Mint,6,1,5,,,,,,,,,,,sprayer;_fungicide_a,,,0
Mint,7,1,5,,,,,,,,,,,sprayer;_fungicide_a,,,0
Mint,7,4,5,,mint;_yr4_regrowth_a,,,,,,,,,harvest;_hay;_legume,,,0
Mint,7,5,5,,,,,,,,,,,add_mulch,,,0
Mint,8,1,5,,,,,,,,,,,sprayer;_fungicide_a,,,0
Mint,8,15,5,,mint;_yr4_senes_to_y,,,,,,,,,harvest;_hay;_legume,,,0
Mint,8,16,5,,,,,,,,,,,add_mulch,,,0
Spring_Wheat,9,25,1,,,,,Small_Grain_(SR_Good),,,,,,chisel;_sweep_shove1,,,0
Spring_Wheat,9,26,1,,,,,,,,,,,disk;_tandem_light_f,,,0
Spring_Wheat,9,29,1,,,,,,,,,,,fert_applic._surface,,,0
Spring_Wheat,9,30,1,,,,,,,,,,,cultivator;_field_62,,,0
Spring_Wheat,10,1,1,,wheat;_spring_7in_ro,,,,,,,,,drill_or_airseeder;2,,,0
Spring_Wheat,5,5,2,,,,,,,,,,,fert_applic._surface,,,0
Spring_Wheat,7,20,2,,,,,,,,,,,harvest;_killing_cr5,,,0
Sugarcane,10,17,1,,,,,,,,,,,subsoiler,,,0
Sugarcane,10,18,1,,,,,,,,,,,bedder;_hipper;_hil1,,,0
Sugarcane,10,19,1,,,,,,,,,,,striptiller_w/middle,,,0
Sugarcane,10,20,1,,,,,,,,,,,bedder;_hipper;_hil1,,,0
Sugarcane,10,22,1,,,,,,,,,,,roller;_on_beds,,,0
Sugarcane,10,23,1,,,,,,,,,,,sprayer;_pre-emergen,,,0
Sugarcane,2,15,2,,,,,,,,,,,fert_applic._surface,,,0
Sugarcane,3,1,2,,,,,,,,,,,sprayer;_post_emerg1,,,0
Sugarcane,3,15,2,,,,,,,,,,,cultivator;_off_bar_,,,0
Sugarcane,4,15,2,,,,,,,,,,,fert._applic._sugarc,,,0
Sugarcane,4,16,2,,,,,,,,,,,cultivator;_row_betw,,,0
Sugarcane,5,15,2,,,,,,,,,,,cultivator;_row_betw,,,0
Sugarcane,6,15,2,,,,,,,,,,,sprayer;_insecticide,,,0
Sugarcane,12,1,2,,sugarcane;_plus_wee1,,,,,,,,,harvest;_sugarcane;1,,,0
Sugarcane,2,15,3,,,,,,,,,,,fert_applic._surface,,,0
Sugarcane,3,1,3,,,,,,,,,,,sprayer;_post_emerg1,,,0
Sugarcane,3,15,3,,,,,,,,,,,cultivator;_off_bar_,,,0
Sugarcane,4,15,3,,,,,,,,,,,fert._applic._sugarc,,,0
Sugarcane,4,16,3,,,,,,,,,,,cultivator;_row_betw,,,0
Sugarcane,5,15,3,,,,,,,,,,,cultivator;_row_betw,,,0
Sugarcane,6,15,3,,,,,,,,,,,sprayer;_insecticide,,,0
Sugarcane,10,15,3,,sugarcane;_plus_wee2,,,,,,,,,harvest;_sugarcane;1,,,0
Sugarcane,2,15,4,,,,,,,,,,,fert_applic._surface,,,0
Sugarcane,3,1,4,,,,,,,,,,,sprayer;_post_emerg1,,,0
Sugarcane,3,15,4,,,,,,,,,,,cultivator;_off_bar_,,,0
Sugarcane,4,15,4,,,,,,,,,,,fert._applic._sugarc,,,0
Sugarcane,4,16,4,,,,,,,,,,,cultivator;_row_betw,,,0
Sugarcane,5,15,4,,,,,,,,,,,cultivator;_row_betw,,,0
Sugarcane,6,15,4,,,,,,,,,,,sprayer;_insecticide,,,0
Sugarcane,10,15,4,,sugarcane;_plus_wee3,,,,,,,,,harvest;_sugarcane;1,,,0
Corn,11,1,1,,,,,,,,,,,chisel;_st._pt.,,,0
Corn,4,30,2,,,,,,,,,,,fert_applic._surface,,,0
Corn,5,1,2,,,,,,,,,,,disk;_tandem_light_f,,,0
Corn,5,2,2,,,,,,,,,,,sprayer;_pre-emergen,,,0
Corn,5,5,2,,,,,,,,,,,cultivator;_field_62,,,0
Corn,5,6,2,,corn;_grain,,,,,,,,,planter;_double_di5,,,0
Corn,7,1,2,,,,,,,,,,,sprayer;_fungicide,,,0
Corn,10,20,2,,,,,,,,,,,harvest;_killing_cr5,,,0
Corn,11,1,2,,,,,,,,,,,chisel;_st._pt.,,,0
Corn,5,1,3,,,,,,,,,,,disk;_tandem_light_f,,,0
Corn,5,10,3,,,,,,,,,,,cultivator;_field_62,,,0
Corn,5,11,3,,soybean;_mw_7in_rows,,,,,,,,,drill_or_airseeder;2,,,0
Corn,6,10,3,,,,,,,,,,,sprayer;_post_emerg1,,,0
Corn,10,5,3,,,,,,,,,,,harvest;_killing_cr5,,,0
Soybeans,11,1,1,,,,,,,,,,,chisel;_st._pt.,,,0
Soybeans,5,1,2,,,,,,,,,,,disk;_tandem_light_f,,,0
Soybeans,5,10,2,,,,,,,,,,,cultivator;_field_62,,,0
Soybeans,5,11,2,,soybean;_mw_7in_rows,,,,,,,,,drill_or_airseeder;2,,,0
Soybeans,6,10,2,,,,,,,,,,,sprayer;_post_emerg1,,,0
Soybeans,10,5,2,,,,,,,,,,,harvest;_killing_cr5,,,0
Soybeans,11,1,2,,,,,,,,,,,chisel;_st._pt.,,,0
Soybeans,4,30,3,,,,,,,,,,,fert_applic._surface,,,0
Soybeans,5,1,3,,,,,,,,,,,disk;_tandem_light_f,,,0
Soybeans,5,2,3,,,,,,,,,,,sprayer;_pre-emergen,,,0
Soybeans,5,5,3,,,,,,,,,,,cultivator;_field_62,,,0
Soybeans,5,6,3,,corn;_grain,,,,,,,,,planter;_double_di5,,,0
Soybeans,7,1,3,,,,,,,,,,,sprayer;_fungicide,,,0
Soybeans,10,20,3,,,,,,,,,,,harvest;_killing_cr5,,,0
Dbl_Crop_Barley_Corn,10,21,1,,rye;_winter_cover_c2,,,,,,,,,drill_or_airseeder;2,,,0
Dbl_Crop_Barley_Corn,4,19,2,,,,,,,,,,,sprayer;_kill_crop,,,0
Dbl_Crop_Barley_Corn,5,1,2,,,,,,,,,,,fert_applic._surface,,,0
Dbl_Crop_Barley_Corn,5,2,2,,corn;_grain__18_in_1,,,,,,,,,planter;_strip_till,,,0
Dbl_Crop_Barley_Corn,7,1,2,,,,,,,,,,,sprayer;_fungicide,,,0
Dbl_Crop_Barley_Corn,10,20,2,,,,,,,,,,,harvest;_killing_cr5,,,0
Dbl_Crop_Oats_Corn,3,15,1,,oats;_spring_silage,,,,,,,,,1rill_or_air_seeder1,,,0
Dbl_Crop_Oats_Corn,3,16,1,,,,,,,,,,,fert_applic._surface,,,0
Dbl_Crop_Oats_Corn,6,1,1,,,,,,,,,,,sprayer;_kill_crop,,,0
Dbl_Crop_Oats_Corn,6,2,1,,corn;_grain,,,,,,,,,planter;_double_di6,,,0
Dbl_Crop_Oats_Corn,8,1,1,,,,,,,,,,,sprayer;_fungicide,,,0
Dbl_Crop_Oats_Corn,10,1,1,,,,,,,,,,,harvest;_killing_cr5,,,0
Dbl_Crop_Soybeans_Oats,11,1,1,,,,,,,,,,,chisel;_twisted_sho1,,,0
Dbl_Crop_Soybeans_Oats,5,5,2,,,,,,,,,,,disk;_tandem_light_f,,,0
Dbl_Crop_Soybeans_Oats,5,10,2,,,,,,,,,,,cultivator;_field_62,,,0
Dbl_Crop_Soybeans_Oats,5,11,2,,soybean;_mw_30_in_r1,,,,,,,,,planter;_double_di5,,,0
Dbl_Crop_Soybeans_Oats,6,10,2,,,,,,,,,,,sprayer;_post_emerg1,,,0
Dbl_Crop_Soybeans_Oats,10,5,2,,,,,,,,,,,harvest;_killing_cr2,,,0
Dbl_Crop_Soybeans_Oats,10,11,2,,,,,,,,,,,disk;_tandem_light_f,,,0
Dbl_Crop_Soybeans_Oats,10,12,2,,wheat;_winter_7in_r1,,,,,,,,,drill_or_airseeder;4,,,0
Dbl_Crop_Soybeans_Oats,3,10,3,,,,,,,,,,,fert_applic._surface,,,0
Dbl_Crop_Soybeans_Oats,5,10,3,,,,,,,,,,,sprayer;_fungicide,,,0
Dbl_Crop_Soybeans_Oats,7,1,3,,,,,,,,,,,harvest;_killing_cr5,,,0
Dbl_Crop_Triticale_Corn,9,16,1,,rye;_winter_cover_c3,,,,,,,,,drill_or_airseeder;2,,,0
Dbl_Crop_Triticale_Corn,11,1,1,,,,,,,,,,,fert._applic._anhyd5,,,0
Dbl_Crop_Triticale_Corn,4,16,2,,,,,,,,,,,fert_applic._surface,,,0
Dbl_Crop_Triticale_Corn,4,17,2,,,,,,,,,,,sprayer;_pre-emergen,,,0
Dbl_Crop_Triticale_Corn,4,19,2,,,,,,,,,,,disk;_tandem_heavy_1,,,0
Dbl_Crop_Triticale_Corn,4,25,2,,,,,,,,,,,cultivator;_field_62,,,0
Dbl_Crop_Triticale_Corn,5,1,2,,corn;_grain__18_in_1,,,,,,,,,planter;_double_di5,,,0
Dbl_Crop_Triticale_Corn,7,1,2,,,,,,,,,,,sprayer;_fungicide,,,0
Dbl_Crop_Triticale_Corn,10,20,2,,,,,,,,,,,harvest;_killing_cr5,,,0
Dbl_Crop_WinWht_Corn,9,16,1,,rye;_winter_cover_c3,,,,,,,,,drill_or_airseeder;2,,,0
Dbl_Crop_WinWht_Corn,11,1,1,,,,,,,,,,,fert._applic._anhyd5,,,0
Dbl_Crop_WinWht_Corn,4,16,2,,,,,,,,,,,fert_applic._surface,,,0
Dbl_Crop_WinWht_Corn,4,17,2,,,,,,,,,,,sprayer;_pre-emergen,,,0
Dbl_Crop_WinWht_Corn,4,19,2,,,,,,,,,,,disk;_tandem_heavy_1,,,0
Dbl_Crop_WinWht_Corn,4,25,2,,,,,,,,,,,cultivator;_field_62,,,0
Dbl_Crop_WinWht_Corn,5,1,2,,corn;_grain__18_in_1,,,,,,,,,planter;_double_di5,,,0
Dbl_Crop_WinWht_Corn,7,1,2,,,,,,,,,,,sprayer;_fungicide,,,0
Dbl_Crop_WinWht_Corn,10,20,2,,,,,,,,,,,harvest;_killing_cr5,,,0
Dbl_Crop_WinWht_Soybeans,11,1,1,,,,,,,,,,,chisel;_twisted_sho1,,,0
Dbl_Crop_WinWht_Soybeans,5,5,2,,,,,,,,,,,disk;_tandem_light_f,,,0
Dbl_Crop_WinWht_Soybeans,5,10,2,,,,,,,,,,,cultivator;_field_62,,,0
Dbl_Crop_WinWht_Soybeans,5,11,2,,soybean;_mw_30_in_r1,,,,,,,,,planter;_double_di5,,,0
Dbl_Crop_WinWht_Soybeans,6,10,2,,,,,,,,,,,sprayer;_post_emerg1,,,0
Dbl_Crop_WinWht_Soybeans,10,5,2,,,,,,,,,,,harvest;_killing_cr2,,,0
Dbl_Crop_WinWht_Soybeans,10,11,2,,,,,,,,,,,disk;_tandem_light_f,,,0
Dbl_Crop_WinWht_Soybeans,10,12,2,,wheat;_winter_7in_r1,,,,,,,,,drill_or_airseeder;4,,,0
Dbl_Crop_WinWht_Soybeans,3,10,3,,,,,,,,,,,fert_applic._surface,,,0
Dbl_Crop_WinWht_Soybeans,5,10,3,,,,,,,,,,,sprayer;_fungicide,,,0
Dbl_Crop_WinWht_Soybeans,7,1,3,,,,,,,,,,,harvest;_killing_cr5,,,0
Grassland_Pasture,4,1,1,,tall_fescue_pasture3,,,Pasture_(Good),,,,,,regrow,,,0
Grassland_Pasture,4,16,1,,tall_fescue_pasture3,,,,,,,,,graze;_continuous,,,0
Grassland_Pasture,5,1,1,,tall_fescue_pasture3,,,,,,,,,graze;_continuous,,,0
Grassland_Pasture,5,16,1,,tall_fescue_pasture3,,,,,,,,,graze;_continuous,,,0
Grassland_Pasture,6,1,1,,tall_fescue_pasture3,,,,,,,,,graze;_continuous,,,0
Grassland_Pasture,6,16,1,,tall_fescue_pasture3,,,,,,,,,graze;_continuous,,,0
Grassland_Pasture,7,1,1,,tall_fescue_pasture3,,,,,,,,,graze;_continuous,,,0
Grassland_Pasture,7,16,1,,tall_fescue_pasture3,,,,,,,,,graze;_continuous,,,0
Grassland_Pasture,8,1,1,,tall_fescue_pasture3,,,,,,,,,graze;_continuous,,,0
Grassland_Pasture,8,16,1,,tall_fescue_pasture3,,,,,,,,,graze;_continuous,,,0
Grassland_Pasture,9,1,1,,tall_fescue_pasture3,,,,,,,,,graze;_continuous,,,0
Grassland_Pasture,9,16,1,,tall_fescue_pasture3,,,,,,,,,graze;_continuous,,,0
Grassland_Pasture,10,1,1,,tall_fescue_pasture3,,,,,,,,,graze;_continuous,,,0
Grassland_Pasture,10,16,1,,tall_fescue_pasture3,,,,,,,,,graze;_continuous,,,0
Grassland_Pasture,11,1,1,,tall_fescue_pasture3,,,,,,,,,graze;_continuous,,,0
Grassland_Pasture,11,16,1,,tall_fescue_pasture3,,,,,,,,,graze;_continuous,,,0
Greens,11,1,1,,,,,Close_Seeded_(SR_Good),,,,,,chisel;_st._pt.,,,0
Greens,4,24,2,,,,,,,,,,,fert_applic._surface,,,0
Greens,4,25,2,,,,,,,,,,,sprayer;_pre-emergen,,,0
Greens,4,26,2,,,,,,,,,,,disk;_tandem_light_f,,,0
Greens,5,1,2,,,,,,,,,,,disk;_tandem_light_f,,,0
Greens,5,2,2,,spinach,,,,,,,,,planter;_double_di5,,,0
Greens,5,15,2,,,,,,,,,,,cultivator;_row;_hig,,,0
Greens,5,16,2,,,,,,,,,,,sprayer;_fungicide,,,0
Greens,7,1,2,,,,,,,,,,,harvest;_leafy_veg.,,,0
Camelina,9,11,1,,,,,Close_Seeded_(SR_Good),,,,,,disk;_tandem_heavy_1,,,0
Camelina,9,12,1,,,,,,,,,,,harrow;_spike_tooth,,,0
Camelina,9,15,1,,mustard_greens;_hi_p,,,,,,,,,planter;_double_di5,,,0
Camelina,10,24,1,,,,,,,,,,,shredder;_flail_or_1,,,0
Camelina,10,25,1,,,,,,,,,,,disk;_tandem_heavy_1,,,0
Camelina,10,26,1,,,,,,,,,,,disk;_tandem_heavy_1,,,0
Caneberries,1,1,1,,blueberry;_tall_bush,,,Close_Seeded_(SR_Good),,,,,,begin_growth,,,0
Caneberries,5,15,1,,,,,,,,,,,manure_spreader;_sol,,,0
Caneberries,5,16,1,,,,,,,,,,,add_mulch,,,0
Caneberries,8,1,1,,,,,,,,,,,harvest;_hand_pick_m,,,0
Dbl_Crop_Barley_Sorghum,4,15,1,,,,,,,,,,,disk;_tandem_heavy_1,,,0
Dbl_Crop_Barley_Sorghum,4,25,1,,,,,,,,,,,disk;_tandem_second2,,,0
Dbl_Crop_Barley_Sorghum,5,5,1,,,,,,,,,,,fert_applic._surface,,,0
Dbl_Crop_Barley_Sorghum,5,6,1,,,,,,,,,,,disk;_tandem_light_f,,,0
Dbl_Crop_Barley_Sorghum,5,15,1,,sorghum;_grain,,,,,,,,,planter;_double_di5,,,0
Dbl_Crop_Barley_Sorghum,5,16,1,,,,,,,,,,,sprayer;_pre-emergen,,,0
Dbl_Crop_Barley_Sorghum,10,17,1,,,,,,,,,,,harvest;_killing_cr5,,,0
Dbl_Crop_WinWht_Sorghum,4,15,1,,,,,,,,,,,disk;_tandem_heavy_1,,,0
Dbl_Crop_WinWht_Sorghum,4,25,1,,,,,,,,,,,disk;_tandem_second2,,,0
Dbl_Crop_WinWht_Sorghum,5,5,1,,,,,,,,,,,fert_applic._surface,,,0
Dbl_Crop_WinWht_Sorghum,5,6,1,,,,,,,,,,,disk;_tandem_light_f,,,0
Dbl_Crop_WinWht_Sorghum,5,15,1,,sorghum;_grain,,,,,,,,,planter;_double_di5,,,0
Dbl_Crop_WinWht_Sorghum,5,16,1,,,,,,,,,,,sprayer;_pre-emergen,,,0
Dbl_Crop_WinWht_Sorghum,10,17,1,,,,,,,,,,,harvest;_killing_cr5,,,0
Dbl_Crop_Barley_Soybeans,11,1,1,,,,,,,,,,,chisel;_twisted_sho1,,,0
Dbl_Crop_Barley_Soybeans,5,5,2,,,,,,,,,,,disk;_tandem_light_f,,,0
Dbl_Crop_Barley_Soybeans,5,10,2,,,,,,,,,,,cultivator;_field_62,,,0
Dbl_Crop_Barley_Soybeans,5,11,2,,soybean;_mw_30_in_r1,,,,,,,,,planter;_double_di5,,,0
Dbl_Crop_Barley_Soybeans,6,10,2,,,,,,,,,,,sprayer;_post_emerg1,,,0
Dbl_Crop_Barley_Soybeans,10,5,2,,,,,,,,,,,harvest;_killing_cr2,,,0
Dbl_Crop_Barley_Soybeans,10,11,2,,,,,,,,,,,disk;_tandem_light_f,,,0
Dbl_Crop_Barley_Soybeans,10,12,2,,wheat;_winter_7in_r1,,,,,,,,,drill_or_airseeder;4,,,0
Dbl_Crop_Barley_Soybeans,3,10,3,,,,,,,,,,,fert_applic._surface,,,0
Dbl_Crop_Barley_Soybeans,5,10,3,,,,,,,,,,,sprayer;_fungicide,,,0
Dbl_Crop_Barley_Soybeans,7,1,3,,,,,,,,,,,harvest;_killing_cr5,,,0
Dbl_Crop_Corn_Soybeans,11,1,1,,,,,,,,,,,chisel;_st._pt.,,,0
Dbl_Crop_Corn_Soybeans,4,30,2,,,,,,,,,,,fert_applic._surface,,,0
Dbl_Crop_Corn_Soybeans,5,1,2,,,,,,,,,,,disk;_tandem_light_f,,,0
Dbl_Crop_Corn_Soybeans,5,2,2,,,,,,,,,,,sprayer;_pre-emergen,,,0
Dbl_Crop_Corn_Soybeans,5,5,2,,,,,,,,,,,cultivator;_field_62,,,0
Dbl_Crop_Corn_Soybeans,5,6,2,,corn;_grain,,,,,,,,,planter;_double_di5,,,0
Dbl_Crop_Corn_Soybeans,7,1,2,,,,,,,,,,,sprayer;_fungicide,,,0
Dbl_Crop_Corn_Soybeans,10,20,2,,,,,,,,,,,harvest;_killing_cr5,,,0
Dbl_Crop_Corn_Soybeans,11,1,2,,,,,,,,,,,chisel;_st._pt.,,,0
Dbl_Crop_Corn_Soybeans,5,1,3,,,,,,,,,,,disk;_tandem_light_f,,,0
Dbl_Crop_Corn_Soybeans,5,10,3,,,,,,,,,,,cultivator;_field_62,,,0
Dbl_Crop_Corn_Soybeans,5,11,3,,soybean;_mw_7in_rows,,,,,,,,,drill_or_airseeder;2,,,0
Dbl_Crop_Corn_Soybeans,6,10,3,,,,,,,,,,,sprayer;_post_emerg1,,,0
Dbl_Crop_Corn_Soybeans,10,5,3,,,,,,,,,,,harvest;_killing_cr5,,,0
Dbl_Crop_Lettuce_Cotton,11,10,1,,,,,,,,,,,bedder;_hipper;_dis1,,,0
Dbl_Crop_Lettuce_Cotton,11,15,1,,wheat;_winter_cover,,,,,,,,,planting;_broadcast2,,,0
Dbl_Crop_Lettuce_Cotton,4,15,2,,,,,,,,,,,sprayer;_kill_crop,,,0
Dbl_Crop_Lettuce_Cotton,4,25,2,,,,,,,,,,,fert_applic._surface,,,0
Dbl_Crop_Lettuce_Cotton,5,1,2,,,,,,,,,,,do_all;_on_beds,,,0
Dbl_Crop_Lettuce_Cotton,5,10,2,,,,,,,,,,,sprayer;_pre-emergen,,,0
Dbl_Crop_Lettuce_Cotton,5,15,2,,cotton;_delta,,,,,,,,,planter;_double_di5,,,0
Dbl_Crop_Lettuce_Cotton,6,5,2,,,,,,,,,,,sprayer;_post_emerg1,,,0
Dbl_Crop_Lettuce_Cotton,7,1,2,,,,,,,,,,,sprayer;_insecticide,,,0
Dbl_Crop_Lettuce_Cotton,8,1,2,,,,,,,,,,,sprayer;_insecticide,,,0
Dbl_Crop_Lettuce_Cotton,9,20,2,,,,,,,,,,,sprayer;_defoliant,,,0
Dbl_Crop_Lettuce_Cotton,10,1,2,,,,,,,,,,,harvest;_cotton_and_,,,0
Dbl_Crop_Soybeans_Cotton,11,10,1,,,,,,,,,,,bedder;_hipper;_dis1,,,0
Dbl_Crop_Soybeans_Cotton,4,25,2,,,,,,,,,,,fert_applic._surface,,,0
Dbl_Crop_Soybeans_Cotton,5,1,2,,,,,,,,,,,do_all;_on_beds,,,0
Dbl_Crop_Soybeans_Cotton,5,10,2,,,,,,,,,,,sprayer;_pre-emergen,,,0
Dbl_Crop_Soybeans_Cotton,5,15,2,,cotton;_delta,,,,,,,,,planter;_double_di5,,,0
Dbl_Crop_Soybeans_Cotton,6,5,2,,,,,,,,,,,sprayer;_post_emerg1,,,0
Dbl_Crop_Soybeans_Cotton,7,1,2,,,,,,,,,,,sprayer;_insecticide,,,0
Dbl_Crop_Soybeans_Cotton,8,1,2,,,,,,,,,,,sprayer;_insecticide,,,0
Dbl_Crop_Soybeans_Cotton,9,20,2,,,,,,,,,,,sprayer;_defoliant,,,0
Dbl_Crop_Soybeans_Cotton,10,1,2,,,,,,,,,,,harvest;_cotton_and_,,,0
Dbl_Crop_Soybeans_Cotton,11,1,2,,,,,,,,,,,chisel;_st._pt.,,,0
Dbl_Crop_Soybeans_Cotton,5,1,3,,,,,,,,,,,disk;_tandem_light_f,,,0
Dbl_Crop_Soybeans_Cotton,5,10,3,,,,,,,,,,,cultivator;_field_62,,,0
Dbl_Crop_Soybeans_Cotton,5,11,3,,soybean;_mw_7in_rows,,,,,,,,,drill_or_airseeder;2,,,0
Dbl_Crop_Soybeans_Cotton,6,10,3,,,,,,,,,,,sprayer;_post_emerg1,,,0
Dbl_Crop_Soybeans_Cotton,10,5,3,,,,,,,,,,,harvest;_killing_cr5,,,0
Dbl_Crop_Lettuce_Barley,10,15,1,,barley;_annual_wint1,,,,,,,,,planting;_broadcast2,,,0
Dbl_Crop_Lettuce_Barley,10,16,1,,,,,,,,,,,harrow;_spike_tooth;,,,0
Dbl_Crop_Lettuce_Barley,2,15,2,,,,,,,,,,,add_mulch,,,0
Dbl_Crop_Lettuce_Barley,3,15,2,,,,,,,,,,,shredder;_flail_or_1,,,0
Dbl_Crop_Lettuce_Barley,4,15,2,,,,,,,,,,,disk;_offset;_heavy,,,0
Dbl_Crop_Lettuce_Barley,5,15,2,,,,,,,,,,,disk;_tandem_light_f,,,0
Dbl_Crop_Lettuce_Cantaloupe,11,10,1,,,,,,,,,,,plow;_moldboard,,,0
Dbl_Crop_Lettuce_Cantaloupe,11,30,1,,,,,,,,,,,disk;_tandem_heavy_1,,,0
Dbl_Crop_Lettuce_Cantaloupe,12,1,1,,,,,,,,,,,sprayer;_pre-emergen,,,0
Dbl_Crop_Lettuce_Cantaloupe,3,1,2,,,,,,,,,,,disk;_tandem_second2,,,0
Dbl_Crop_Lettuce_Cantaloupe,3,7,2,,,,,,,,,,,fert_applic._surface,,,0
Dbl_Crop_Lettuce_Cantaloupe,3,8,2,,,,,,,,,,,lister;_40_in,,,0
Dbl_Crop_Lettuce_Cantaloupe,3,9,2,,,,,,,,,,,bed_shaper,,,0
Dbl_Crop_Lettuce_Cantaloupe,3,15,2,,cantaloupe;_hi_prod,,,,,,,,,planter;_double_di5,,,0
Dbl_Crop_Lettuce_Cantaloupe,3,28,2,,,,,,,,,,,sprayer;_insecticide,,,0
Dbl_Crop_Lettuce_Cantaloupe,3,30,2,,,,,,,,,,,cultivator;_row_1_in,,,0
Dbl_Crop_Lettuce_Cantaloupe,4,24,2,,,,,,,,,,,sprayer;_insecticide,,,0
Dbl_Crop_Lettuce_Cantaloupe,4,26,2,,,,,,,,,,,cultivator;_row_1_in,,,0
Dbl_Crop_Lettuce_Cantaloupe,5,14,2,,,,,,,,,,,sprayer;_insecticide,,,0
Dbl_Crop_Lettuce_Cantaloupe,5,16,2,,,,,,,,,,,cultivator;_row_1_in,,,0
Dbl_Crop_Lettuce_Cantaloupe,6,15,2,,,,,,,,,,,harvest;_vine_crops,,,0
Dbl_Crop_Lettuce_Cantaloupe,6,30,2,,,,,,,,,,,harvest;_vine_crops,,,0
Durum_Wheat,11,10,1,,,,,Small_Grain_(SR_Good),,,,,,chisel;_st._pt.,,,0
Durum_Wheat,11,13,1,,,,,,,,,,,disk;_offset;_heavy,,,0
Durum_Wheat,11,14,1,,,,,,,,,,,harrow;_spike_tooth,,,0
Durum_Wheat,12,1,1,,,,,,,,,,,fert_applic._shank_1,,,0
Durum_Wheat,12,15,1,,wheat;_winter;_west_,,,,,,,,,drill_or_airseeder;2,,,0
Durum_Wheat,4,1,2,,,,,,,,,,,sprayer;_post_emerg1,,,0
Durum_Wheat,6,1,2,,,,,,,,,,,harvest;_killing_cr8,,,0
Dbl_Crop_Lettuce_Durum_Wht,11,10,1,,,,,Small_Grain_(SR_Good),,,,,,chisel;_st._pt.,,,0
Dbl_Crop_Lettuce_Durum_Wht,11,13,1,,,,,,,,,,,disk;_offset;_heavy,,,0
Dbl_Crop_Lettuce_Durum_Wht,11,14,1,,,,,,,,,,,harrow;_spike_tooth,,,0
Dbl_Crop_Lettuce_Durum_Wht,12,1,1,,,,,,,,,,,fert_applic._shank_1,,,0
Dbl_Crop_Lettuce_Durum_Wht,12,15,1,,wheat;_winter;_west_,,,,,,,,,drill_or_airseeder;2,,,0
Dbl_Crop_Lettuce_Durum_Wht,4,1,2,,,,,,,,,,,sprayer;_post_emerg1,,,0
Dbl_Crop_Lettuce_Durum_Wht,6,1,2,,,,,,,,,,,harvest;_killing_cr8,,,0
Garlic,10,14,1,,,,,Close_Seeded_(SR_Good),,,,,,plow;_moldboard,,,0
Garlic,10,15,1,,,,,,,,,,,1isk;_offset;_heavy1,,,0
Garlic,11,9,1,,,,,,,,,,,fert_applic._surface,,,0
Garlic,11,10,1,,,,,,,,,,,rototiller;_field,,,0
Garlic,11,11,1,,,,,,,,,,,bedder;_hipper;_dis1,,,0
Garlic,11,12,1,,delayed_germination,,,,,,,,,planting;_hand_5_per,,,0
Garlic,11,13,1,,,,,,,,,,,sprayer;_pre-emergen,,,0
Garlic,11,14,1,,,,,,,,,,,sprayer;_pre-emergen,,,0
Garlic,11,28,1,,,,,,,,,,,sprayer;_fungicide,,,0
Garlic,12,12,1,,,,,,,,,,,sprayer;_fungicide,,,0
Garlic,12,26,1,,,,,,,,,,,sprayer;_fungicide,,,0
Garlic,1,2,2,,,,,,,,,,,fert_applic._surface,,,0
Garlic,1,9,2,,,,,,,,,,,sprayer;_fungicide,,,0
Garlic,1,23,2,,onion;_dry_bulb;_vid,,,,,,,,,begin_growth,,,0
Garlic,1,24,2,,,,,,,,,,,sprayer;_fungicide,,,0
Garlic,2,6,2,,,,,,,,,,,sprayer;_fungicide,,,0
Garlic,2,13,2,,,,,,,,,,,fert_applic._surface,,,0
Garlic,2,20,2,,,,,,,,,,,sprayer;_fungicide,,,0
Garlic,3,5,2,,,,,,,,,,,sprayer;_fungicide,,,0
Garlic,4,23,2,,,,,,,,,,,harvest;_onions,,,0
Gourds,5,2,1,,,,,Close_Seeded_(SR_Good),,,,,,plow;_moldboard,,,0
Gourds,5,3,1,,,,,,,,,,,disk;_tandem_heavy_1,,,0
Gourds,5,4,1,,,,,,,,,,,harrow;_spike_tooth,,,0
Gourds,5,15,1,,pumpkin,,,,,,,,,planter;_double_di5,,,0
Gourds,6,15,1,,,,,,,,,,,cultivator;_row_-_1s,,,0
Gourds,6,16,1,,,,,,,,,,,cultivate;_manually,,,0
Gourds,7,1,1,,,,,,,,,,,cultivator;_row_-_1s,,,0
Gourds,7,15,1,,,,,,,,,,,sprayer;_fungicide,,,0
Gourds,8,15,1,,,,,,,,,,,sprayer;_insecticide,,,0
Herbs,10,1,1,,,,,Close_Seeded_(SR_Good),,,,,,plow;_moldboard_6-7_,,,0
Herbs,10,2,1,,,,,,,,,,,disk;_tandem_second2,,,0
Herbs,10,15,1,,,,,,,,,,,disk;_tandem_second2,,,0
Herbs,10,16,1,,mint;_fall_seed,,,,,,,,,drill;_semi-deep_fur,,,0
Herbs,4,1,2,,,,,,,,,,,fert_applic._surface,,,0
Herbs,6,1,2,,,,,,,,,,,sprayer;_fungicide_a,,,0
Herbs,7,1,2,,,,,,,,,,,sprayer;_fungicide_a,,,0
Herbs,8,1,2,,,,,,,,,,,sprayer;_fungicide_a,,,0
Herbs,8,15,2,,mint;_spring_seed_re,,,,,,,,,harvest;_hay;_legume,,,0
Herbs,8,16,2,,,,,,,,,,,add_mulch,,,0
Herbs,4,1,3,,,,,,,,,,,fert_applic._surface,,,0
Herbs,6,1,3,,,,,,,,,,,sprayer;_fungicide_a,,,0
Herbs,7,1,3,,,,,,,,,,,sprayer;_fungicide_a,,,0
Herbs,7,4,3,,mint;_yr2_regrowth_a,,,,,,,,,harvest;_hay;_legume,,,0
Herbs,7,5,3,,,,,,,,,,,add_mulch,,,0
Herbs,8,1,3,,,,,,,,,,,sprayer;_fungicide_a,,,0
Herbs,8,15,3,,mint;_yr2_senes_to_y,,,,,,,,,harvest;_hay;_legume,,,0
Herbs,8,16,3,,,,,,,,,,,add_mulch,,,0
Herbs,6,1,4,,,,,,,,,,,sprayer;_fungicide_a,,,0
Herbs,7,1,4,,,,,,,,,,,sprayer;_fungicide_a,,,0
Herbs,7,4,4,,mint;_yr3_regrowth_a,,,,,,,,,harvest;_hay;_legume,,,0
Herbs,7,5,4,,,,,,,,,,,add_mulch,,,0
Herbs,8,1,4,,,,,,,,,,,sprayer;_fungicide_a,,,0
Herbs,8,15,4,,mint;_yr3_senes_to_y,,,,,,,,,harvest;_hay;_legume,,,0
Herbs,8,16,4,,,,,,,,,,,add_mulch,,,0
Herbs,6,1,5,,,,,,,,,,,sprayer;_fungicide_a,,,0
Herbs,7,1,5,,,,,,,,,,,sprayer;_fungicide_a,,,0
Herbs,7,4,5,,mint;_yr4_regrowth_a,,,,,,,,,harvest;_hay;_legume,,,0
Herbs,7,5,5,,,,,,,,,,,add_mulch,,,0
Herbs,8,1,5,,,,,,,,,,,sprayer;_fungicide_a,,,0
Herbs,8,15,5,,mint;_yr4_senes_to_y,,,,,,,,,harvest;_hay;_legume,,,0
Herbs,8,16,5,,,,,,,,,,,add_mulch,,,0
Hops,11,15,1,,,,,Close_Seeded_(SR_Good),,,,,,disk;_tandem_heavy_1,,,0
Hops,11,16,1,,,,,,,,,,,harrow;_spike_tooth,,,0
Hops,12,1,1,,weeds;_less_than_3_m,,,,,,,,,begin_growth,,,0
Hops,2,5,2,,,,,,,,,,,disk;_tandem_heavy_1,,,0
Hops,2,10,2,,,,,,,,,,,fert_applic._surface,,,0
Hops,2,11,2,,,,,,,,,,,harrow;_spike_tooth,,,0
Hops,2,15,2,,oats;_spring,,,,,,,,,drill_or_airseeder;2,,,0
Hops,4,15,2,,,,,,,,,,,sprayer;_post_emerg1,,,0
Hops,6,15,2,,,,,,,,,,,harvest;_killing_cr5,,,0
Hops,6,25,2,,,,,,,,,,,bale_straw_or_residu,,,0
Misc_Vegs_Fruits,11,1,1,,,,,Close_Seeded_(SR_Good),,,,,,chisel;_st._pt.,,,0
Misc_Vegs_Fruits,4,24,2,,,,,,,,,,,fert_applic._surface,,,0
Misc_Vegs_Fruits,4,25,2,,,,,,,,,,,sprayer;_pre-emergen,,,0
Misc_Vegs_Fruits,4,26,2,,,,,,,,,,,disk;_tandem_light_f,,,0
Misc_Vegs_Fruits,5,1,2,,,,,,,,,,,disk;_tandem_light_f,,,0
Misc_Vegs_Fruits,5,2,2,,spinach,,,,,,,,,planter;_double_di5,,,0
Misc_Vegs_Fruits,5,15,2,,,,,,,,,,,cultivator;_row;_hig,,,0
Misc_Vegs_Fruits,5,16,2,,,,,,,,,,,sprayer;_fungicide,,,0
Misc_Vegs_Fruits,7,1,2,,,,,,,,,,,harvest;_leafy_veg.,,,0
Olives,10,1,1,,,,,Woods_Grass_(Good),,,,,,add_mulch,,,0
Olives,10,15,1,,1ineyard;_establish1,,,,,,,,,begin_growth,,,0
Olives,3,15,2,,,,,,,,,,,sprayer;_fungicide,,,0
Olives,4,15,2,,,,,,,,,,,sprayer;_fungicide,,,0
Olives,5,15,2,,,,,,,,,,,sprayer;_fungicide_a,,,0
Olives,6,15,2,,,,,,,,,,,sprayer;_fungicide_a,,,0
Olives,7,15,2,,,,,,,,,,,sprayer;_fungicide,,,0
Olives,8,1,2,,,,,,,,,,,sprayer;_fungicide,,,0
Olives,9,15,2,,,,,,,,,,,harvest;_fruit_crops,,,0
Other_Crops,10,15,1,,barley;_annual_wint1,,,Small_Grain_(SR_Good),,,,,,planting;_broadcast2,,,0
Other_Crops,10,16,1,,,,,,,,,,,harrow;_spike_tooth;,,,0
Other_Crops,2,15,2,,,,,,,,,,,add_mulch,,,0
Other_Crops,3,15,2,,,,,,,,,,,shredder;_flail_or_1,,,0
Other_Crops,4,15,2,,,,,,,,,,,disk;_offset;_heavy,,,0
Other_Crops,5,15,2,,,,,,,,,,,disk;_tandem_light_f,,,0
Other_Hay_Non_Alfalfa,2,15,1,,,,,Pasture_(Good),,,,,,sprayer;_insecticide,,,0
Other_Hay_Non_Alfalfa,3,1,1,,alfalfa_seed_sw;_yr1,,,,,,,,,harvest;_hay;_legume,,,0
Other_Hay_Non_Alfalfa,3,15,1,,,,,,,,,,,fert_applic._surface,,,0
Other_Hay_Non_Alfalfa,6,15,1,,alfalfa_seed_sw;_yr2,,,,,,,,,harvest;_hay;_legume,,,0
Other_Hay_Non_Alfalfa,2,15,2,,,,,,,,,,,sprayer;_insecticide,,,0
Other_Hay_Non_Alfalfa,3,1,2,,alfalfa_seed_sw;_yr1,,,,,,,,,harvest;_hay;_legume,,,0
Other_Hay_Non_Alfalfa,3,15,2,,,,,,,,,,,fert_applic._surface,,,0
Other_Hay_Non_Alfalfa,6,15,2,,alfalfa_seed_sw;_yr2,,,,,,,,,harvest;_hay;_legume,,,0
Other_Hay_Non_Alfalfa,2,15,3,,,,,,,,,,,sprayer;_insecticide,,,0
Other_Hay_Non_Alfalfa,3,1,3,,alfalfa_seed_sw;_yr1,,,,,,,,,harvest;_hay;_legume,,,0
Other_Hay_Non_Alfalfa,3,15,3,,,,,,,,,,,fert_applic._surface,,,0
Other_Hay_Non_Alfalfa,6,15,3,,alfalfa_seed_sw;_yr2,,,,,,,,,harvest;_hay;_legume,,,0
Other_Small_Grains,11,15,1,,,,,Small_Grain_(C_Good),,,,,,disk;_tandem_heavy_1,,,0
Other_Small_Grains,11,16,1,,,,,,,,,,,harrow;_spike_tooth,,,0
Other_Small_Grains,12,1,1,,weeds;_less_than_3_m,,,,,,,,,begin_growth,,,0
Other_Small_Grains,2,5,2,,,,,,,,,,,disk;_tandem_heavy_1,,,0
Other_Small_Grains,2,10,2,,,,,,,,,,,fert_applic._surface,,,0
Other_Small_Grains,2,11,2,,,,,,,,,,,harrow;_spike_tooth,,,0
Other_Small_Grains,2,15,2,,oats;_spring,,,,,,,,,drill_or_airseeder;2,,,0
Other_Small_Grains,4,15,2,,,,,,,,,,,sprayer;_post_emerg1,,,0
Other_Small_Grains,6,15,2,,,,,,,,,,,harvest;_killing_cr5,,,0
Other_Small_Grains,6,25,2,,,,,,,,,,,bale_straw_or_residu,,,0
Pasture_Grass,4,1,1,,tall_fescue_pasture3,,,Pasture_(Good),,,,,,regrow,,,0
Pasture_Grass,4,16,1,,tall_fescue_pasture3,,,,,,,,,graze;_continuous,,,0
Pasture_Grass,5,1,1,,tall_fescue_pasture3,,,,,,,,,graze;_continuous,,,0
Pasture_Grass,5,16,1,,tall_fescue_pasture3,,,,,,,,,graze;_continuous,,,0
Pasture_Grass,6,1,1,,tall_fescue_pasture3,,,,,,,,,graze;_continuous,,,0
Pasture_Grass,6,16,1,,tall_fescue_pasture3,,,,,,,,,graze;_continuous,,,0
Pasture_Grass,7,1,1,,tall_fescue_pasture3,,,,,,,,,graze;_continuous,,,0
Pasture_Grass,7,16,1,,tall_fescue_pasture3,,,,,,,,,graze;_continuous,,,0
Pasture_Grass,8,1,1,,tall_fescue_pasture3,,,,,,,,,graze;_continuous,,,0
Pasture_Grass,8,16,1,,tall_fescue_pasture3,,,,,,,,,graze;_continuous,,,0
Pasture_Grass,9,1,1,,tall_fescue_pasture3,,,,,,,,,graze;_continuous,,,0
Pasture_Grass,9,16,1,,tall_fescue_pasture3,,,,,,,,,graze;_continuous,,,0
Pasture_Grass,10,1,1,,tall_fescue_pasture3,,,,,,,,,graze;_continuous,,,0
Pasture_Grass,10,16,1,,tall_fescue_pasture3,,,,,,,,,graze;_continuous,,,0
Pasture_Grass,11,1,1,,tall_fescue_pasture3,,,,,,,,,graze;_continuous,,,0
Pasture_Grass,11,16,1,,tall_fescue_pasture3,,,,,,,,,graze;_continuous,,,0
Pop_or_Orn_Corn,11,1,1,,,,,,,,,,,chisel;_st._pt.,,,0
Pop_or_Orn_Corn,4,30,2,,,,,,,,,,,fert_applic._surface,,,0
Pop_or_Orn_Corn,5,1,2,,,,,,,,,,,disk;_tandem_light_f,,,0
Pop_or_Orn_Corn,5,2,2,,,,,,,,,,,sprayer;_pre-emergen,,,0
Pop_or_Orn_Corn,5,5,2,,,,,,,,,,,cultivator;_field_62,,,0
Pop_or_Orn_Corn,5,6,2,,corn;_grain,,,,,,,,,planter;_double_di5,,,0
Pop_or_Orn_Corn,7,1,2,,,,,,,,,,,sprayer;_fungicide,,,0
Pop_or_Orn_Corn,10,20,2,,,,,,,,,,,harvest;_killing_cr5,,,0
Pop_or_Orn_Corn,11,1,2,,,,,,,,,,,chisel;_st._pt.,,,0
Pop_or_Orn_Corn,5,1,3,,,,,,,,,,,disk;_tandem_light_f,,,0
Pop_or_Orn_Corn,5,10,3,,,,,,,,,,,cultivator;_field_62,,,0
Pop_or_Orn_Corn,5,11,3,,soybean;_mw_7in_rows,,,,,,,,,drill_or_airseeder;2,,,0
Pop_or_Orn_Corn,6,10,3,,,,,,,,,,,sprayer;_post_emerg1,,,0
Pop_or_Orn_Corn,10,5,3,,,,,,,,,,,harvest;_killing_cr5,,,0
Pistachios,3,2,1,,pecan;_walnut;_bare_,,,Woods_Grass_(Good),,,,,,begin_growth,,,0
Pistachios,4,1,1,,,,,,,,,,,sprayer;_post_emerg1,,,0
Pistachios,4,15,1,,,,,,,,,,,sprayer;_fungicide,,,0
Pistachios,4,29,1,,,,,,,,,,,sprayer;_fungicide,,,0
Pistachios,5,13,1,,,,,,,,,,,sprayer;_fungicide,,,0
Pistachios,5,27,1,,,,,,,,,,,sprayer;_insecticide,,,0
Pistachios,6,1,1,,,,,,,,,,,sprayer;_post_emerg1,,,0
Pistachios,6,15,1,,,,,,,,,,,sprayer;_insecticide,,,0
Pistachios,7,1,1,,,,,,,,,,,sprayer;_insecticide,,,0
Pistachios,7,15,1,,,,,,,,,,,sprayer;_insecticide,,,0
Pistachios,8,15,1,,,,,,,,,,,sprayer;_insecticide,,,0
Pistachios,10,15,1,,,,,,,,,,,harvest;_orchard_and,,,0
Prunes,2,15,1,,,,,Brush_(Good),,,,,,harvest;_fruit_crops,,,0
Prunes,3,2,1,,citrus;_bare_ground,,,,,,,,,begin_growth,,,0
Prunes,3,3,1,,,,,,,,,,,sprayer;_insecticide,,,0
Prunes,4,1,1,,,,,,,,,,,sprayer;_post_emerg1,,,0
Prunes,5,15,1,,,,,,,,,,,sprayer;_insecticide,,,0
Prunes,6,1,1,,,,,,,,,,,sprayer;_post_emerg1,,,0
Prunes,6,15,1,,,,,,,,,,,harvest;_fruit_crops,,,0
Prunes,6,29,1,,,,,,,,,,,sprayer;_insecticide,,,0
Prunes,7,2,1,,,,,,,,,,,sprayer;_fungicide_a,,,0
Prunes,11,1,1,,,,,,,,,,,harvest;_fruit_crops,,,0
Prunes,11,15,1,,,,,,,,,,,sprayer;_fungicide,,,0
Rape_Seed,5,1,1,,,,,Close_Seeded_(SR_Good),,,,,,disk;_tandem_second2,,,0
Rape_Seed,5,2,1,,short_millets_or_cr7,,,,,,,,,drill_or_airseeder;2,,,0
Rape_Seed,5,15,1,,,,,,,,,,,grazing;_set_season2,,,0
Rape_Seed,8,15,1,,,,,,,,,,,grazing;_set_season2,,,0
Rape_Seed,10,1,1,,,,,,,,,,,grazing;_set_season2,,,0
Speltz,11,10,1,,,,,Close_Seeded_(SR_Good),,,,,,chisel;_st._pt.,,,0
Speltz,11,13,1,,,,,,,,,,,disk;_offset;_heavy,,,0
Speltz,11,14,1,,,,,,,,,,,harrow;_spike_tooth,,,0
Speltz,12,1,1,,,,,,,,,,,fert_applic._shank_1,,,0
Speltz,12,15,1,,wheat;_winter;_west_,,,,,,,,,drill_or_airseeder;2,,,0
Speltz,4,1,2,,,,,,,,,,,sprayer;_post_emerg1,,,0
Speltz,6,1,2,,,,,,,,,,,harvest;_killing_cr8,,,0
Triticale,11,10,1,,,,,Small_Grain_(SR_Good),,,,,,chisel;_st._pt.,,,0
Triticale,11,13,1,,,,,,,,,,,disk;_offset;_heavy,,,0
Triticale,11,14,1,,,,,,,,,,,harrow;_spike_tooth,,,0
Triticale,12,1,1,,,,,,,,,,,fert_applic._shank_1,,,0
Triticale,12,15,1,,wheat;_winter;_west_,,,,,,,,,drill_or_airseeder;2,,,0
Triticale,4,1,2,,,,,,,,,,,sprayer;_post_emerg1,,,0
Triticale,6,1,2,,,,,,,,,,,harvest;_killing_cr8,,,0
