saverest,areasymbol,areaname,musym,hydgrp,kwfact,albedodry_r,restrictiondepthr,partdensity,compname,texdesc,hzdepb_r,dbovendry_r,claytotal_r,silttotal_r,sandtotal_r,fragvol,sandvf_r,caco3_r,ksat_r,wthirdbar_r,wfifteenbar_r,om_r,ph1to1h2o_r,comppct_r
9/8/2021 12:25:50 PM,MS107,"Panola County, Mississippi",Aa,D,.20,0.3,>200,,Alligator,Clay,18,1.8,60,38.2,1.8,,0.5,0,0.21,39.5,35.5,2.5,5,90
9/8/2021 12:25:50 PM,MS107,"Panola County, Mississippi",Aa,D,.17,0.3,>200,,Alligator,Clay,74,1.9,75,23.2,1.8,,0.6,0,0.21,43.3,40.5,0.25,5,90
9/8/2021 12:25:50 PM,MS107,"Panola County, Mississippi",Aa,D,.20,0.3,>200,,Alligator,Clay,193,1.85,67.5,30.7,1.8,,0.5,0,0.21,42.2,36.5,0.25,6.5,90
9/8/2021 12:25:50 PM,MS107,"Panola County, Mississippi",Aa,D,.43,0.3,>200,,Alligator,Silty clay loam,213,1.71,29,52.1,18.9,,11.5,0,2.82,31.6,17.7,0.25,7.5,90
9/8/2021 12:25:50 PM,MS107,"Panola County, Mississippi",Ab,D,.20,0.3,>200,,Alligator,Clay,18,1.8,60,38.2,1.8,,0.5,0,0.21,39.5,35.5,2.5,5,90
9/8/2021 12:25:50 PM,MS107,"Panola County, Mississippi",Ab,D,.17,0.3,>200,,Alligator,Clay,74,1.9,75,23.2,1.8,,0.6,0,0.21,43.3,40.5,0.25,5,90
9/8/2021 12:25:50 PM,MS107,"Panola County, Mississippi",Ab,D,.20,0.3,>200,,Alligator,Clay,193,1.85,67.5,30.7,1.8,,0.5,0,0.21,42.2,36.5,0.25,6.5,90
9/8/2021 12:25:50 PM,MS107,"Panola County, Mississippi",Ab,D,.43,0.3,>200,,Alligator,Silty clay loam,213,1.71,29,52.1,18.9,,11.5,0,2.82,31.6,17.7,0.25,7.5,90
9/8/2021 12:25:50 PM,MS107,"Panola County, Mississippi",Ac,D,.43,0.3,>200,,Alligator,Silt loam,18,1.65,23.5,60,16.5,,6.7,0,2.82,31,16.9,2.5,5,90
9/8/2021 12:25:50 PM,MS107,"Panola County, Mississippi",Ac,D,.17,0.3,>200,,Alligator,Clay,74,1.9,75,23.2,1.8,,0.6,0,0.21,43.3,40.5,0.25,5,90
9/8/2021 12:25:50 PM,MS107,"Panola County, Mississippi",Ac,D,.20,0.3,>200,,Alligator,Clay,193,1.85,67.5,30.7,1.8,,0.5,0,0.21,42.2,36.5,0.25,6.5,90
9/8/2021 12:25:50 PM,MS107,"Panola County, Mississippi",Ac,D,.43,0.3,>200,,Alligator,Silty clay loam,213,1.71,29,52.1,18.9,,11.5,0,2.82,31.6,17.7,0.25,7.5,90
9/8/2021 12:25:50 PM,MS107,"Panola County, Mississippi",Ad,B,.49,0.42,>200,,Dundee,Silt loam,8,1.53,15,53,32,,29.2,0,9,26.1,10.3,1,5.3,5
9/8/2021 12:25:50 PM,MS107,"Panola County, Mississippi",Ad,D,.37,0.23,>200,,Alligator,Silty clay loam,10,1.68,35,60,5,,2.7,0,2.7,34.4,22.6,2.5,5.2,95
9/8/2021 12:25:50 PM,MS107,"Panola County, Mississippi",Ad,B,.55,0.42,>200,,Dundee,Silt loam,22,1.54,14,52,34,,29.5,0,9,24.7,8.9,0.35,5.3,5
9/8/2021 12:25:50 PM,MS107,"Panola County, Mississippi",Ad,B,.49,0.42,>200,,Dundee,Loam,34,1.58,23,48,29,,23.5,0,9,29.3,14.3,0.3,5.3,5
9/8/2021 12:25:50 PM,MS107,"Panola County, Mississippi",Ad,D,.28,0.23,>200,,Alligator,Silty clay,48,1.9,55,43.2,1.8,,1.1,0,0.21,34.9,30.2,0.5,5.2,95
9/8/2021 12:25:50 PM,MS107,"Panola County, Mississippi",Ad,B,.49,0.42,>200,,Dundee,Loam,58,1.56,22,41,37,,27.4,0,9,28.6,13.5,0.2,5.4,5
9/8/2021 12:25:50 PM,MS107,"Panola County, Mississippi",Ad,B,.55,0.42,>200,,Dundee,Very fine sandy loam,87,1.69,14,33,53,,42.3,0,28,20.2,10.7,0.08,5.6,5
9/8/2021 12:25:50 PM,MS107,"Panola County, Mississippi",Ad,D,.20,0.23,>200,,Alligator,Clay,112,1.88,65,33.2,1.8,,1.1,0,0.21,44.1,34.2,0.25,6.8,95
9/8/2021 12:25:50 PM,MS107,"Panola County, Mississippi",Ad,D,.28,0.23,>200,,Alligator,Silty clay,137,1.85,45,42,13,,8.1,0,0.91,32.2,24.8,0.1,5.1,95
9/8/2021 12:25:50 PM,MS107,"Panola County, Mississippi",Ad,D,.43,0.23,>200,,Alligator,Silty clay loam,160,1.64,30,51.1,18.9,,11.5,0,9,31.5,17.6,0.1,7.2,95
9/8/2021 12:25:50 PM,MS107,"Panola County, Mississippi",Ad,D,.43,0.23,>200,,Alligator,Fine sandy loam,190,1.55,10,30,60,,20,0,28,16.7,7,0.1,7.2,95
9/8/2021 12:25:50 PM,MS107,"Panola County, Mississippi",Ad,B,.64,0.42,>200,,Dundee,Very fine sandy loam,208,1.55,7,39,54,,45,0,28,14.3,5,0.07,6.7,5
9/8/2021 12:25:50 PM,MS107,"Panola County, Mississippi",Ad,B,.32,0.42,>200,,Dundee,Fine sandy loam,225,1.5,9,13,78,,27.2,0,28,15.6,6.1,0.05,7,5
9/8/2021 12:25:50 PM,MS107,"Panola County, Mississippi",Ae,D,.37,0.3,>200,,Alligator,Silty clay loam,18,1.65,33.5,47.8,18.7,,11.3,0,2.82,34.4,22.6,2.5,5,90
9/8/2021 12:25:50 PM,MS107,"Panola County, Mississippi",Ae,D,.17,0.3,>200,,Alligator,Clay,74,1.9,75,23.2,1.8,,0.6,0,0.21,43.3,40.5,0.25,5,90
9/8/2021 12:25:50 PM,MS107,"Panola County, Mississippi",Ae,D,.20,0.3,>200,,Alligator,Clay,193,1.85,67.5,30.7,1.8,,0.5,0,0.21,42.2,36.5,0.25,6.5,90
9/8/2021 12:25:50 PM,MS107,"Panola County, Mississippi",Ae,D,.43,0.3,>200,,Alligator,Silty clay loam,213,1.71,29,52.1,18.9,,11.5,0,2.82,31.6,17.7,0.25,7.5,90
9/8/2021 12:25:50 PM,MS107,"Panola County, Mississippi",CaA,C/D,.43,0.3,>200,,Unnamed hydric soils (134de),Silt loam,43,1.55,18.5,69.8,11.7,,6.7,0,2.82,29.1,14,2.25,4.8,3
9/8/2021 12:25:50 PM,MS107,"Panola County, Mississippi",CaA,D,.43,0.3,58,,Calloway,Silt loam,58,1.55,20,68.6,11.4,,6.6,0,9.17,28.7,13.5,1.25,5.3,90
9/8/2021 12:25:50 PM,MS107,"Panola County, Mississippi",CaA,C/D,.49,0.3,>200,,Unnamed hydric soils (134de),Silty clay loam,76,1.71,28.5,64.4,7.1,,2.9,0,0.92,31.8,18.1,0.75,4.6,3
9/8/2021 12:25:50 PM,MS107,"Panola County, Mississippi",CaA,D,.55,0.3,58,,Calloway,Silt loam,102,1.52,21,67.7,11.3,,6.6,0,0.92,27.9,12.5,0.25,5.3,90
9/8/2021 12:25:50 PM,MS107,"Panola County, Mississippi",CaA,D,.55,0.3,58,,Calloway,Silt loam,165,1.57,24,66.7,9.3,,6.5,0,0.92,29.4,14.5,0.1,6.5,90
9/8/2021 12:25:50 PM,MS107,"Panola County, Mississippi",CaA,C/D,.55,0.3,>200,,Unnamed hydric soils (134de),Silt loam,183,1.62,20,68.6,11.4,,6.6,0,2.82,28.1,12.8,0.25,5.7,3
9/8/2021 12:25:50 PM,MS107,"Panola County, Mississippi",CaB,D,.43,0.3,>200,,Unnamed hydric soils (134de),Silt loam,43,1.55,18.5,69.8,11.7,,6.7,0,2.82,29.1,14,2.25,4.8,3
9/8/2021 12:25:50 PM,MS107,"Panola County, Mississippi",CaB,C/D,.43,0.3,54,,Calloway,Silt loam,64,1.55,20,68.6,11.4,,6.6,0,9.17,28.7,13.5,1.25,5.3,90
9/8/2021 12:25:50 PM,MS107,"Panola County, Mississippi",CaB,D,.49,0.3,>200,,Unnamed hydric soils (134de),Silty clay loam,76,1.71,28.5,64.4,7.1,,2.9,0,0.92,31.8,18.1,0.75,4.6,3
9/8/2021 12:25:50 PM,MS107,"Panola County, Mississippi",CaB,C/D,.55,0.3,54,,Calloway,Silt loam,163,1.52,21,67.7,11.3,,6.6,0,0.92,27.9,12.5,0.25,5.3,90
9/8/2021 12:25:50 PM,MS107,"Panola County, Mississippi",CaB,C/D,.55,0.3,54,,Calloway,Silt loam,173,1.57,24,66.7,9.3,,6.5,0,0.92,29.4,14.5,0.1,6.5,90
9/8/2021 12:25:50 PM,MS107,"Panola County, Mississippi",CaB,D,.55,0.3,>200,,Unnamed hydric soils (134de),Silt loam,183,1.62,20,68.6,11.4,,6.6,0,2.82,28.1,12.8,0.25,5.7,3
9/8/2021 12:25:50 PM,MS107,"Panola County, Mississippi",Cm,B,.49,0.3,>200,,Collins,Silt loam,20,1.52,11.5,67.7,20.8,,13.4,0,9.17,24.2,8.4,1.25,5,90
9/8/2021 12:25:50 PM,MS107,"Panola County, Mississippi",Cm,D,.43,0.3,>200,,Unnamed hydric soils (134de),Silt loam,43,1.55,18.5,69.8,11.7,,6.7,0,2.82,29.1,14,2.25,4.8,3
9/8/2021 12:25:50 PM,MS107,"Panola County, Mississippi",Cm,D,.49,0.3,>200,,Unnamed hydric soils (134de),Silty clay loam,76,1.71,28.5,64.4,7.1,,2.9,0,0.92,31.8,18.1,0.75,4.6,3
9/8/2021 12:25:50 PM,MS107,"Panola County, Mississippi",Cm,B,.64,0.3,>200,,Collins,Silt loam,157,1.52,11.5,67.7,20.8,,13.4,0,9.17,22.6,6.9,0.15,5,90
9/8/2021 12:25:50 PM,MS107,"Panola County, Mississippi",Cm,D,.55,0.3,>200,,Unnamed hydric soils (134de),Silt loam,183,1.62,20,68.6,11.4,,6.6,0,2.82,28.1,12.8,0.25,5.7,3
9/8/2021 12:25:50 PM,MS107,"Panola County, Mississippi",Co,B,.49,0.3,>200,,Collins,Silt loam,20,1.52,11.5,67.7,20.8,,13.4,0,9.17,24.2,8.4,1.25,5,90
9/8/2021 12:25:50 PM,MS107,"Panola County, Mississippi",Co,D,.43,0.3,>200,,Unnamed hydric soils (134de),Silt loam,43,1.55,18.5,69.8,11.7,,6.7,0,2.82,29.1,14,2.25,4.8,3
9/8/2021 12:25:50 PM,MS107,"Panola County, Mississippi",Co,D,.49,0.3,>200,,Unnamed hydric soils (134de),Silty clay loam,76,1.71,28.5,64.4,7.1,,2.9,0,0.92,31.8,18.1,0.75,4.6,3
9/8/2021 12:25:50 PM,MS107,"Panola County, Mississippi",Co,B,.64,0.3,>200,,Collins,Silt loam,157,1.52,11.5,67.7,20.8,,13.4,0,9.17,22.6,6.9,0.15,5,90
9/8/2021 12:25:50 PM,MS107,"Panola County, Mississippi",Co,D,.55,0.3,>200,,Unnamed hydric soils (134de),Silt loam,183,1.62,20,68.6,11.4,,6.6,0,2.82,28.1,12.8,0.25,5.7,3
9/8/2021 12:25:50 PM,MS107,"Panola County, Mississippi",CpF2,B/D,.43,0.3,>200,,Unnamed hydric soils (134dr),Silt loam,13,1.52,12,67.3,20.7,,13.3,0,9.17,25.5,9.7,2,5,2
9/8/2021 12:25:50 PM,MS107,"Panola County, Mississippi",CpF2,C/D,.49,0.3,71,,Providence,Silt loam,18,1.41,8.5,69.9,21.6,,13.8,0,9.17,22.6,6.9,1.75,5.3,23
9/8/2021 12:25:50 PM,MS107,"Panola County, Mississippi",CpF2,C,.32,0.3,>200,,Cuthbert,Fine sandy loam,20,1.37,8.5,26.9,64.6,13,17.4,0,28.23,14.1,5.7,1.25,5.5,75
9/8/2021 12:25:50 PM,MS107,"Panola County, Mississippi",CpF2,C/D,.55,0.3,71,,Providence,Silt loam,58,1.52,24,68.4,7.6,,5.3,0,9.17,29.2,14.2,0.25,5.3,23
9/8/2021 12:25:50 PM,MS107,"Panola County, Mississippi",CpF2,C,.17,0.3,>200,,Cuthbert,Clay,74,1.57,47.5,10.9,41.6,13,10,0,2.82,34.6,22.7,0.55,4.6,75
9/8/2021 12:25:50 PM,MS107,"Panola County, Mississippi",CpF2,C,.20,0.3,>200,,Cuthbert,Sandy clay loam,86,1.72,33,14,53,12,9.7,0,2.82,24.2,18.4,0.2,4.6,75
9/8/2021 12:25:50 PM,MS107,"Panola County, Mississippi",CpF2,C/D,.49,0.3,71,,Providence,Silt loam,97,1.57,25,65.9,9.1,,6.4,0,2.82,29.9,15.3,0.2,5.3,23
9/8/2021 12:25:50 PM,MS107,"Panola County, Mississippi",CpF2,C/D,.55,0.3,71,,Providence,Loam,135,1.57,21,42.1,36.9,2,28.4,0,2.82,27.7,12.6,0.15,5.3,23
9/8/2021 12:25:50 PM,MS107,"Panola County, Mississippi",CpF2,B/D,.55,0.3,>200,,Unnamed hydric soils (134dr),Silt loam,152,1.55,14,71.8,14.2,,8.6,0,9.17,18.2,8.5,0.15,5,2
9/8/2021 12:25:50 PM,MS107,"Panola County, Mississippi",CpF2,C,.28,0.3,>200,,Cuthbert,SR to fine sandy loam to clay,152,1.78,32.5,31.6,35.9,12,8.9,0,2.33,26.1,17.7,0.15,4.3,75
9/8/2021 12:25:50 PM,MS107,"Panola County, Mississippi",CpF2,C/D,.20,0.3,71,,Providence,Sandy loam,152,1.57,18.5,15,66.5,2,9.7,0,9.17,20.8,11.6,0.1,5.3,23
9/8/2021 12:25:50 PM,MS107,"Panola County, Mississippi",Do,D,.24,0.3,>200,,Alligator,Silty clay,18,1.8,50,48.2,1.8,,0.8,0,0.21,34.9,30.2,2.5,5,90
9/8/2021 12:25:50 PM,MS107,"Panola County, Mississippi",Do,D,.17,0.3,>200,,Alligator,Clay,74,1.9,75,23.2,1.8,,0.6,0,0.21,43.3,40.5,0.25,5,90
9/8/2021 12:25:50 PM,MS107,"Panola County, Mississippi",Do,D,.20,0.3,>200,,Alligator,Clay,193,1.85,67.5,30.7,1.8,,0.5,0,0.21,42.2,36.5,0.25,6.5,90
9/8/2021 12:25:50 PM,MS107,"Panola County, Mississippi",Do,D,.43,0.3,>200,,Alligator,Silty clay loam,213,1.71,29,52.1,18.9,,11.5,0,2.82,31.6,17.7,0.25,7.5,90
9/8/2021 12:25:50 PM,MS107,"Panola County, Mississippi",Fa,B/D,.43,0.3,>200,,Unnamed hydric soils (134fp),Silt loam,13,1.52,12,67.3,20.7,,13.3,0,9.17,25.5,9.7,2,5,10
9/8/2021 12:25:50 PM,MS107,"Panola County, Mississippi",Fa,B/D,.43,0.3,>200,,Falaya,Silt loam,127,1.41,12,67.3,20.7,,13.3,0,9.17,24.6,8.7,1.75,5,90
9/8/2021 12:25:50 PM,MS107,"Panola County, Mississippi",Fa,B/D,.55,0.3,>200,,Unnamed hydric soils (134fp),Silt loam,152,1.55,14,71.8,14.2,,8.6,0,9.17,18.2,8.5,0.15,5,10
9/8/2021 12:25:50 PM,MS107,"Panola County, Mississippi",Fa,B/D,.55,0.3,>200,,Falaya,Silt loam,165,1.44,19,69.4,11.6,,6.7,0,7.27,26.4,10.7,0.2,5,90
9/8/2021 12:25:50 PM,MS107,"Panola County, Mississippi",Fl,B/D,.43,0.3,>200,,Unnamed hydric soils (134fp),Silt loam,13,1.52,12,67.3,20.7,,13.3,0,9.17,25.5,9.7,2,5,10
9/8/2021 12:25:50 PM,MS107,"Panola County, Mississippi",Fl,B/D,.43,0.3,>200,,Falaya,Silt loam,127,1.41,12,67.3,20.7,,13.3,0,9.17,24.6,8.7,1.75,5,90
9/8/2021 12:25:50 PM,MS107,"Panola County, Mississippi",Fl,B/D,.55,0.3,>200,,Unnamed hydric soils (134fp),Silt loam,152,1.55,14,71.8,14.2,,8.6,0,9.17,18.2,8.5,0.15,5,10
9/8/2021 12:25:50 PM,MS107,"Panola County, Mississippi",Fl,B/D,.55,0.3,>200,,Falaya,Silt loam,165,1.44,19,69.4,11.6,,6.7,0,7.27,26.4,10.7,0.2,5,90
9/8/2021 12:25:50 PM,MS107,"Panola County, Mississippi",Fs,B/D,.43,0.3,>200,,Unnamed hydric soils (134fp),Silt loam,13,1.52,12,67.3,20.7,,13.3,0,9.17,25.5,9.7,2,5,10
9/8/2021 12:25:50 PM,MS107,"Panola County, Mississippi",Fs,B/D,.32,0.3,>200,,Arkabutla,Silty clay loam,15,1.65,31.5,61.7,6.8,,4.6,0,9.17,33.4,20.8,2,5,90
9/8/2021 12:25:50 PM,MS107,"Panola County, Mississippi",Fs,B/D,.49,0.3,>200,,Arkabutla,Silty clay loam,140,1.57,27.5,65.4,7.1,,2.9,0,9.17,31,16.8,0.25,5,90
9/8/2021 12:25:50 PM,MS107,"Panola County, Mississippi",Fs,B/D,.55,0.3,>200,,Unnamed hydric soils (134fp),Silt loam,152,1.55,14,71.8,14.2,,8.6,0,9.17,18.2,8.5,0.15,5,10
9/8/2021 12:25:50 PM,MS107,"Panola County, Mississippi",Fw,B/D,.43,0.3,>200,,Waverly,Silt loam,13,1.52,12,67.3,20.7,,13.3,0,9.17,25.5,9.7,2,5,40
9/8/2021 12:25:50 PM,MS107,"Panola County, Mississippi",Fw,B/D,.43,0.3,>200,,Falaya,Silt loam,127,1.41,12,67.3,20.7,,13.3,0,9.17,24.6,8.7,1.75,5,50
9/8/2021 12:25:50 PM,MS107,"Panola County, Mississippi",Fw,B/D,.55,0.3,>200,,Waverly,Silt loam,152,1.55,14,80.4,5.6,,3.4,0,9.17,24.8,9,0.5,5,40
9/8/2021 12:25:50 PM,MS107,"Panola County, Mississippi",Fw,B/D,.55,0.3,>200,,Falaya,Silt loam,165,1.44,19,69.4,11.6,,6.7,0,7.27,26.4,10.7,0.2,5,50
9/8/2021 12:25:50 PM,MS107,"Panola County, Mississippi",GrA,C/D,.49,0.3,69,,Grenada,Silt loam,18,1.52,14,71.8,14.2,,8.6,0,9.17,25.6,9.8,1.25,5.3,90
9/8/2021 12:25:50 PM,MS107,"Panola County, Mississippi",GrA,D,.43,0.3,>200,,Unnamed hydric soils (134de),Silt loam,43,1.55,18.5,69.8,11.7,,6.7,0,2.82,29.1,14,2.25,4.8,2
9/8/2021 12:25:50 PM,MS107,"Panola County, Mississippi",GrA,C/D,.49,0.3,69,,Grenada,Silt loam,56,1.52,24,66.7,9.3,,6.5,0,9.17,29.2,14.2,0.25,5.3,90
9/8/2021 12:25:50 PM,MS107,"Panola County, Mississippi",GrA,C/D,.64,0.3,69,,Grenada,Silt loam,69,1.5,14,71.8,14.2,,8.6,0,9.17,24,8.2,0.15,5.3,90
9/8/2021 12:25:50 PM,MS107,"Panola County, Mississippi",GrA,D,.49,0.3,>200,,Unnamed hydric soils (134de),Silty clay loam,76,1.71,28.5,64.4,7.1,,2.9,0,0.92,31.8,18.1,0.75,4.6,2
9/8/2021 12:25:50 PM,MS107,"Panola County, Mississippi",GrA,C/D,.49,0.3,69,,Grenada,Silty clay loam,97,1.6,28,65,7,,2.9,0,0.92,31.3,17.3,0.1,5.3,90
9/8/2021 12:25:50 PM,MS107,"Panola County, Mississippi",GrA,C/D,.55,0.3,69,,Grenada,Silt loam,163,1.6,23.5,67.1,9.4,,6.6,0,0.92,29.4,14.5,0.1,6.2,90
9/8/2021 12:25:50 PM,MS107,"Panola County, Mississippi",GrA,D,.55,0.3,>200,,Unnamed hydric soils (134de),Silt loam,183,1.62,20,68.6,11.4,,6.6,0,2.82,28.1,12.8,0.25,5.7,2
9/8/2021 12:25:50 PM,MS107,"Panola County, Mississippi",GrB,C/D,.49,0.3,69,,Grenada,Silt loam,18,1.52,14,71.8,14.2,,8.6,0,9.17,25.6,9.8,1.25,5.3,90
9/8/2021 12:25:50 PM,MS107,"Panola County, Mississippi",GrB,C/D,.55,0.3,69,,Grenada,Silt loam,58,1.52,24,66.7,9.3,,6.5,0,9.17,29.3,14.3,0.3,5.3,90
9/8/2021 12:25:50 PM,MS107,"Panola County, Mississippi",GrB,C/D,.64,0.3,69,,Grenada,Silt loam,66,1.5,14,71.8,14.2,,8.6,0,9.17,24.1,8.3,0.2,5.3,90
9/8/2021 12:25:50 PM,MS107,"Panola County, Mississippi",GrB,C/D,.55,0.3,69,,Grenada,Silt loam,112,1.6,23.5,67.1,9.4,,6.6,0,0.92,29.4,14.5,0.1,5.3,90
9/8/2021 12:25:50 PM,MS107,"Panola County, Mississippi",GrB,C/D,.55,0.3,69,,Grenada,Silt loam,152,1.6,23.5,67.1,9.4,,6.6,0,0.92,29.4,14.5,0.1,6.2,90
9/8/2021 12:25:50 PM,MS107,"Panola County, Mississippi",GrB2,C/D,.49,0.3,61,,Grenada,Silt loam,13,1.52,14,71.8,14.2,,8.6,0,9.17,25.6,9.8,1.25,5.3,90
9/8/2021 12:25:50 PM,MS107,"Panola County, Mississippi",GrB2,C/D,.55,0.3,61,,Grenada,Silt loam,53,1.52,24,66.7,9.3,,6.5,0,9.17,29.3,14.3,0.3,5.3,90
9/8/2021 12:25:50 PM,MS107,"Panola County, Mississippi",GrB2,C/D,.64,0.3,61,,Grenada,Silt loam,61,1.5,14,71.8,14.2,,8.6,0,9.17,24.1,8.3,0.2,5.3,90
9/8/2021 12:25:50 PM,MS107,"Panola County, Mississippi",GrB2,C/D,.55,0.3,61,,Grenada,Silt loam,107,1.6,23.5,67.1,9.4,,6.6,0,0.92,29.4,14.5,0.1,5.3,90
9/8/2021 12:25:50 PM,MS107,"Panola County, Mississippi",GrB2,C/D,.55,0.3,61,,Grenada,Silt loam,152,1.6,23.5,67.1,9.4,,6.6,0,0.92,29.4,14.5,0.1,6.2,90
9/8/2021 12:25:50 PM,MS107,"Panola County, Mississippi",GrB3,C/D,.49,0.3,69,,Grenada,Silt loam,13,1.52,14,71.8,14.2,,8.6,0,9.17,25.6,9.8,1.25,5.3,90
9/8/2021 12:25:50 PM,MS107,"Panola County, Mississippi",GrB3,C/D,.55,0.3,69,,Grenada,Silt loam,53,1.52,24,66.7,9.3,,6.5,0,9.17,29.3,14.3,0.3,5.3,90
9/8/2021 12:25:50 PM,MS107,"Panola County, Mississippi",GrB3,C/D,.64,0.3,69,,Grenada,Silt loam,61,1.5,14,71.8,14.2,,8.6,0,9.17,24.1,8.3,0.2,5.3,90
9/8/2021 12:25:50 PM,MS107,"Panola County, Mississippi",GrB3,C/D,.55,0.3,69,,Grenada,Silt loam,107,1.6,23.5,67.1,9.4,,6.6,0,0.92,29.4,14.5,0.1,5.3,90
9/8/2021 12:25:50 PM,MS107,"Panola County, Mississippi",GrB3,C/D,.55,0.3,69,,Grenada,Silt loam,152,1.6,23.5,67.1,9.4,,6.6,0,0.92,29.4,14.5,0.1,6.2,90
9/8/2021 12:25:50 PM,MS107,"Panola County, Mississippi",GrC2,C/D,.49,0.3,69,,Grenada,Silt loam,13,1.52,14,71.8,14.2,,8.6,0,9.17,25.6,9.8,1.25,5.3,90
9/8/2021 12:25:50 PM,MS107,"Panola County, Mississippi",GrC2,B/D,.43,0.3,>200,,Unnamed hydric soils (134dr),Silt loam,13,1.52,12,67.3,20.7,,13.3,0,9.17,25.5,9.7,2,5,2
9/8/2021 12:25:50 PM,MS107,"Panola County, Mississippi",GrC2,C/D,.55,0.3,69,,Grenada,Silt loam,53,1.52,24,66.7,9.3,,6.5,0,9.17,29.3,14.3,0.3,5.3,90
9/8/2021 12:25:50 PM,MS107,"Panola County, Mississippi",GrC2,C/D,.64,0.3,69,,Grenada,Silt loam,61,1.5,14,71.8,14.2,,8.6,0,9.17,24.1,8.3,0.2,5.3,90
9/8/2021 12:25:50 PM,MS107,"Panola County, Mississippi",GrC2,C/D,.55,0.3,69,,Grenada,Silt loam,107,1.6,23.5,67.1,9.4,,6.6,0,0.92,29.4,14.5,0.1,5.3,90
9/8/2021 12:25:50 PM,MS107,"Panola County, Mississippi",GrC2,C/D,.55,0.3,69,,Grenada,Silt loam,152,1.6,23.5,67.1,9.4,,6.6,0,0.92,29.4,14.5,0.1,6.2,90
9/8/2021 12:25:50 PM,MS107,"Panola County, Mississippi",GrC2,B/D,.55,0.3,>200,,Unnamed hydric soils (134dr),Silt loam,152,1.55,14,71.8,14.2,,8.6,0,9.17,18.2,8.5,0.15,5,2
9/8/2021 12:25:50 PM,MS107,"Panola County, Mississippi",GrC3,D,.49,0.3,69,,Grenada,Silt loam,8,1.52,14,71.8,14.2,,8.6,0,9.17,25.6,9.8,1.25,5.3,90
9/8/2021 12:25:50 PM,MS107,"Panola County, Mississippi",GrC3,B/D,.43,0.3,>200,,Unnamed hydric soils (134dr),Silt loam,13,1.52,12,67.3,20.7,,13.3,0,9.17,25.5,9.7,2,5,2
9/8/2021 12:25:50 PM,MS107,"Panola County, Mississippi",GrC3,D,.55,0.3,69,,Grenada,Silt loam,48,1.52,24,66.7,9.3,,6.5,0,9.17,29.3,14.3,0.3,5.3,90
9/8/2021 12:25:50 PM,MS107,"Panola County, Mississippi",GrC3,D,.64,0.3,69,,Grenada,Silt loam,56,1.5,14,71.8,14.2,,8.6,0,9.17,24.1,8.3,0.2,5.3,90
9/8/2021 12:25:50 PM,MS107,"Panola County, Mississippi",GrC3,D,.55,0.3,69,,Grenada,Silt loam,102,1.6,23.5,67.1,9.4,,6.6,0,0.92,29.4,14.5,0.1,5.3,90
9/8/2021 12:25:50 PM,MS107,"Panola County, Mississippi",GrC3,B/D,.55,0.3,>200,,Unnamed hydric soils (134dr),Silt loam,152,1.55,14,71.8,14.2,,8.6,0,9.17,18.2,8.5,0.15,5,2
9/8/2021 12:25:50 PM,MS107,"Panola County, Mississippi",GrC3,D,.55,0.3,69,,Grenada,Silt loam,152,1.6,23.5,67.1,9.4,,6.6,0,0.92,29.4,14.5,0.1,6.2,90
9/8/2021 12:25:50 PM,MS107,"Panola County, Mississippi",GrD2,B/D,.43,0.3,>200,,Unnamed hydric soils (134dr),Silt loam,13,1.52,12,67.3,20.7,,13.3,0,9.17,25.5,9.7,2,5,2
9/8/2021 12:25:50 PM,MS107,"Panola County, Mississippi",GrD2,C/D,.49,0.3,69,,Grenada,Silt loam,13,1.52,14,71.8,14.2,,8.6,0,9.17,25.6,9.8,1.25,5.3,90
9/8/2021 12:25:50 PM,MS107,"Panola County, Mississippi",GrD2,C/D,.55,0.3,69,,Grenada,Silt loam,53,1.52,24,66.7,9.3,,6.5,0,9.17,29.3,14.3,0.3,5.3,90
9/8/2021 12:25:50 PM,MS107,"Panola County, Mississippi",GrD2,C/D,.64,0.3,69,,Grenada,Silt loam,61,1.5,14,71.8,14.2,,8.6,0,9.17,24.1,8.3,0.2,5.3,90
9/8/2021 12:25:50 PM,MS107,"Panola County, Mississippi",GrD2,C/D,.55,0.3,69,,Grenada,Silt loam,107,1.6,23.5,67.1,9.4,,6.6,0,0.92,29.4,14.5,0.1,5.3,90
9/8/2021 12:25:50 PM,MS107,"Panola County, Mississippi",GrD2,B/D,.55,0.3,>200,,Unnamed hydric soils (134dr),Silt loam,152,1.55,14,71.8,14.2,,8.6,0,9.17,18.2,8.5,0.15,5,2
9/8/2021 12:25:50 PM,MS107,"Panola County, Mississippi",GrD2,C/D,.55,0.3,69,,Grenada,Silt loam,152,1.6,23.5,67.1,9.4,,6.6,0,0.92,29.4,14.5,0.1,6.2,90
9/8/2021 12:25:50 PM,MS107,"Panola County, Mississippi",GrD3,B/D,.43,0.3,>200,,Unnamed hydric soils (134dr),Silt loam,13,1.52,12,67.3,20.7,,13.3,0,9.17,25.5,9.7,2,5,2
9/8/2021 12:25:50 PM,MS107,"Panola County, Mississippi",GrD3,C/D,.49,0.3,69,,Grenada,Silt loam,13,1.52,14,71.8,14.2,,8.6,0,9.17,25.6,9.8,1.25,5.3,90
9/8/2021 12:25:50 PM,MS107,"Panola County, Mississippi",GrD3,C/D,.55,0.3,69,,Grenada,Silt loam,53,1.52,24,66.7,9.3,,6.5,0,9.17,29.3,14.3,0.3,5.3,90
9/8/2021 12:25:50 PM,MS107,"Panola County, Mississippi",GrD3,C/D,.64,0.3,69,,Grenada,Silt loam,61,1.5,14,71.8,14.2,,8.6,0,9.17,24.1,8.3,0.2,5.3,90
9/8/2021 12:25:50 PM,MS107,"Panola County, Mississippi",GrD3,C/D,.55,0.3,69,,Grenada,Silt loam,107,1.6,23.5,67.1,9.4,,6.6,0,0.92,29.4,14.5,0.1,5.3,90
9/8/2021 12:25:50 PM,MS107,"Panola County, Mississippi",GrD3,B/D,.55,0.3,>200,,Unnamed hydric soils (134dr),Silt loam,152,1.55,14,71.8,14.2,,8.6,0,9.17,18.2,8.5,0.15,5,2
9/8/2021 12:25:50 PM,MS107,"Panola County, Mississippi",GrD3,C/D,.55,0.3,69,,Grenada,Silt loam,152,1.6,23.5,67.1,9.4,,6.6,0,0.92,29.4,14.5,0.1,6.2,90
9/8/2021 12:25:50 PM,MS107,"Panola County, Mississippi",Gs,D,.43,0.3,>200,,Unnamed hydric soils (133dr),Silt loam,15,1.6,10,57.1,32.9,7,10.1,0,9.17,23.7,8.6,2,4.6,10
9/8/2021 12:25:50 PM,MS107,"Panola County, Mississippi",Gs,,.32,0.3,>200,,Gullied land,Fine sandy loam,28,1.52,8.5,26.9,64.6,5,17.4,0,28.23,14.7,5.6,0.25,5,90
9/8/2021 12:25:50 PM,MS107,"Panola County, Mississippi",Gs,,.20,0.3,>200,,Gullied land,Sandy clay loam,97,1.62,25.5,20,54.5,5,4,0,7.76,23.6,15.9,0.1,4.6,90
9/8/2021 12:25:50 PM,MS107,"Panola County, Mississippi",Gs,D,.28,0.3,>200,,Unnamed hydric soils (133dr),Sandy loam,152,1.69,10,23.4,66.6,12,11.9,0,9.17,18.8,6.1,0.75,4.6,10
9/8/2021 12:25:50 PM,MS107,"Panola County, Mississippi",Gs,,.17,0.3,>200,,Gullied land,Sandy loam,203,1.62,19.5,14.9,65.6,5,9.6,0,28.23,20.9,12.2,0.1,4.6,90
9/8/2021 12:25:50 PM,MS107,"Panola County, Mississippi",Gu,B/D,.43,0.3,>200,,Unnamed hydric soils (134dr),Silt loam,13,1.52,12,67.3,20.7,,13.3,0,9.17,25.5,9.7,2,5,2
9/8/2021 12:25:50 PM,MS107,"Panola County, Mississippi",Gu,,.55,0.3,>200,,Gullied land,Silt loam,23,1.46,13,72.7,14.3,,8.7,0,9.17,24.6,8.7,0.25,5.3,90
9/8/2021 12:25:50 PM,MS107,"Panola County, Mississippi",Gu,,.43,0.3,>200,,Gullied land,Silty clay loam,58,1.46,27.5,60.5,12,,4,0,9.17,30.1,15.5,0.1,5.3,90
9/8/2021 12:25:50 PM,MS107,"Panola County, Mississippi",Gu,B/D,.55,0.3,>200,,Unnamed hydric soils (134dr),Silt loam,152,1.55,14,71.8,14.2,,8.6,0,9.17,18.2,8.5,0.15,5,2
9/8/2021 12:25:50 PM,MS107,"Panola County, Mississippi",Gu,,.55,0.3,>200,,Gullied land,Silt loam,203,1.46,18.5,70.5,11,,3,0,9.17,26.2,10.5,0.1,5.3,90
9/8/2021 12:25:50 PM,MS107,"Panola County, Mississippi",He,C/D,.49,0.3,71,,Henry,Silt loam,23,1.46,13.5,72.3,14.2,,8.6,0,9.17,25,9.2,1.25,5,90
9/8/2021 12:25:50 PM,MS107,"Panola County, Mississippi",He,C/D,.55,0.3,71,,Henry,Silt loam,79,1.52,15,71,14,,8.5,0,9.17,25.2,9.4,0.5,5,90
9/8/2021 12:25:50 PM,MS107,"Panola County, Mississippi",He,C/D,.55,0.3,71,,Henry,Silt loam,152,1.6,25,67.6,7.4,,5.2,0,0.92,30.2,15.7,0.3,5,90
9/8/2021 12:25:50 PM,MS107,"Panola County, Mississippi",He,C/D,.64,0.3,71,,Henry,Silt loam,203,1.52,14,80.4,5.6,,3.4,0,2.82,24.1,8.3,0.1,6.5,90
9/8/2021 12:25:50 PM,MS107,"Panola County, Mississippi",LoB2,C,.43,0.29,69,,Loring,Silt loam,13,1.42,18,77,5,,2.9,0,9.17,27.4,11.9,1.5,5.3,90
9/8/2021 12:25:50 PM,MS107,"Panola County, Mississippi",LoB2,C/D,.49,0.29,64,,Grenada,Silt loam,13,1.5,14,71.8,14.2,,8.6,0,9.17,25.7,9.9,1.25,5.5,1
9/8/2021 12:25:50 PM,MS107,"Panola County, Mississippi",LoB2,D,.55,0.29,51,,Byram,Silt loam,13,1.42,8.5,69.9,21.6,,13.8,0,9.17,22.1,6.5,1.25,5.3,1
9/8/2021 12:25:50 PM,MS107,"Panola County, Mississippi",LoB2,B,.49,0.42,>200,,Memphis,Silt loam,15,1.5,15,82.2,2.8,,1.6,0,9,26.1,10.4,1.5,5.7,3
9/8/2021 12:25:50 PM,MS107,"Panola County, Mississippi",LoB2,C,.49,0.17,56,,Providence,Silt loam,15,1.52,9,73,18,,2.7,0,9.17,23.8,8,1.8,5.3,5
9/8/2021 12:25:50 PM,MS107,"Panola County, Mississippi",LoB2,C,.55,0.17,56,,Providence,Silt loam,27,1.42,11,74,15,,3,0,9.17,23.5,7.7,1.2,5,5
9/8/2021 12:25:50 PM,MS107,"Panola County, Mississippi",LoB2,D,.55,0.29,51,,Byram,Silty clay loam,51,1.58,27.5,63.4,9.1,,6.4,0,9.17,30.8,16.6,0.25,5.3,1
9/8/2021 12:25:50 PM,MS107,"Panola County, Mississippi",LoB2,B,.49,0.42,>200,,Memphis,Silty clay loam,56,1.58,29,70.4,0.6,,0.6,0,9,30.8,16.6,0.26,4.9,3
9/8/2021 12:25:50 PM,MS107,"Panola County, Mississippi",LoB2,C/D,.49,0.29,64,,Grenada,Silt loam,56,1.47,24,69,7,,4.9,0,9.17,28.9,13.8,0.25,5,1
9/8/2021 12:25:50 PM,MS107,"Panola County, Mississippi",LoB2,C,.55,0.17,56,,Providence,Silt loam,56,1.52,22,69,9,,0.5,0,9.17,28.7,13.5,0.5,5.1,5
9/8/2021 12:25:50 PM,MS107,"Panola County, Mississippi",LoB2,C/D,.64,0.29,64,,Grenada,Silt loam,64,1.56,12,73.8,14.2,,8.6,0,9.17,23.4,7.6,0.2,5,1
9/8/2021 12:25:50 PM,MS107,"Panola County, Mississippi",LoB2,C,.49,0.29,69,,Loring,Silty clay loam,69,1.51,27,71,2,,1,0,9.17,29.2,14.2,0.3,5.2,90
9/8/2021 12:25:50 PM,MS107,"Panola County, Mississippi",LoB2,C,.55,0.17,56,,Providence,Silt loam,91,1.63,22,69,9,,0.5,0,0.21,29.1,14,0.1,5.1,5
9/8/2021 12:25:50 PM,MS107,"Panola County, Mississippi",LoB2,C,.43,0.17,56,,Providence,Loam,132,1.74,24,46,30,,4,0,0.21,30.6,16.2,0.1,5.4,5
9/8/2021 12:25:50 PM,MS107,"Panola County, Mississippi",LoB2,C,.64,0.29,69,,Loring,Silt loam,142,1.58,19,79,2,,1,0,0.21,27.3,11.8,0.09,5.2,90
9/8/2021 12:25:50 PM,MS107,"Panola County, Mississippi",LoB2,D,.55,0.29,51,,Byram,Silt loam,142,1.62,24,67,9,,3.7,0,0.21,29.7,14.9,0.1,6.5,1
9/8/2021 12:25:50 PM,MS107,"Panola County, Mississippi",LoB2,B,.49,0.42,>200,,Memphis,Silt loam,150,1.56,23,76.4,0.6,,0.6,0,9,28.4,13.1,0.18,5,3
9/8/2021 12:25:50 PM,MS107,"Panola County, Mississippi",LoB2,C/D,.64,0.29,64,,Grenada,Silt loam,178,1.64,14,71.8,14.2,,8.6,0,0.21,25,9.2,0.1,5,1
9/8/2021 12:25:50 PM,MS107,"Panola County, Mississippi",LoB2,C,.20,0.17,56,,Providence,Sandy clay loam,178,1.74,24,19,57,,5,0,9.17,24.8,16.8,0.1,5.4,5
9/8/2021 12:25:50 PM,MS107,"Panola County, Mississippi",LoB2,D,.24,0.29,51,,Byram,Silty clay,183,1.69,59,41,0,,0,0,0.21,35.5,31.5,0.1,7.3,1
9/8/2021 12:25:50 PM,MS107,"Panola County, Mississippi",LoB2,B,.55,0.42,>200,,Memphis,Silt loam,200,1.54,20,78.8,1.2,,1.2,0,9,26.9,11.3,0.09,5.2,3
9/8/2021 12:25:50 PM,MS107,"Panola County, Mississippi",LoB2,C,.55,0.29,69,,Loring,Silt loam,203,1.47,17.5,78.5,4,,2.4,0,9,25.8,10,0.07,5.5,90
9/8/2021 12:25:50 PM,MS107,"Panola County, Mississippi",LoB3,C/D,.49,0.29,61,,Loring,Silt loam,8,1.48,16,82,2,,1,0,9,26.3,10.6,1,5.3,90
9/8/2021 12:25:50 PM,MS107,"Panola County, Mississippi",LoB3,C/D,.49,0.29,61,,Loring,Silty clay loam,61,1.54,27,71,2,,1,0,9,30.5,16,0.3,5.2,90
9/8/2021 12:25:50 PM,MS107,"Panola County, Mississippi",LoB3,C/D,.55,0.29,61,,Loring,Silt loam,122,1.58,19,79,2,,1,0,0.91,27.3,11.8,0.09,5.2,90
9/8/2021 12:25:50 PM,MS107,"Panola County, Mississippi",LoB3,C/D,.55,0.29,61,,Loring,Silt loam,165,1.47,17.5,78.5,4,,2.4,0,9,25.8,10,0.07,5.5,90
9/8/2021 12:25:50 PM,MS107,"Panola County, Mississippi",LoC,B/D,.43,0.3,>200,,Unnamed hydric soils (134dr),Silt loam,13,1.52,12,67.3,20.7,,13.3,0,9.17,25.5,9.7,2,5,2
9/8/2021 12:25:50 PM,MS107,"Panola County, Mississippi",LoC,C/D,.49,0.3,63,,Loring,Silt loam,18,1.46,13,72.7,14.3,,8.7,0,9.17,24.8,8.9,1.25,5.3,90
9/8/2021 12:25:50 PM,MS107,"Panola County, Mississippi",LoC,C/D,.49,0.3,63,,Loring,Silt loam,71,1.52,25,65.9,9.1,,6.4,0,9.17,29.6,14.8,0.25,5.3,90
9/8/2021 12:25:50 PM,MS107,"Panola County, Mississippi",LoC,C/D,.55,0.3,63,,Loring,Silt loam,127,1.67,22.5,68,9.5,,6.7,0,0.92,29.5,14.6,0.15,5.3,90
9/8/2021 12:25:50 PM,MS107,"Panola County, Mississippi",LoC,B/D,.55,0.3,>200,,Unnamed hydric soils (134dr),Silt loam,152,1.55,14,71.8,14.2,,8.6,0,9.17,18.2,8.5,0.15,5,2
9/8/2021 12:25:50 PM,MS107,"Panola County, Mississippi",LoC,C/D,.55,0.3,63,,Loring,Silt loam,165,1.52,17.5,68.9,13.6,,8.2,0,7.76,26,10.3,0.1,5.5,90
9/8/2021 12:25:50 PM,MS107,"Panola County, Mississippi",LoC2,B,.24,0.29,>200,2.63,Smithdale,Sandy loam,10,1.55,8.5,26.9,64.6,0,12.4,0,28.23,17,7.3,1.25,5,1
9/8/2021 12:25:50 PM,MS107,"Panola County, Mississippi",LoC2,D,.55,0.29,51,,Byram,Silt loam,13,1.42,8.5,69.9,21.6,,13.8,0,9.17,22.1,6.5,1.25,5.3,1
9/8/2021 12:25:50 PM,MS107,"Panola County, Mississippi",LoC2,C/D,.49,0.29,64,,Grenada,Silt loam,13,1.5,14,71.8,14.2,,8.6,0,9.17,25.7,9.9,1.25,5.5,2
9/8/2021 12:25:50 PM,MS107,"Panola County, Mississippi",LoC2,C/D,.43,0.29,61,,Loring,Silt loam,13,1.42,18,77,5,,2.9,0,9.17,27.4,11.9,1.5,5.3,90
9/8/2021 12:25:50 PM,MS107,"Panola County, Mississippi",LoC2,B,.49,0.36,>200,,Memphis,Silt loam,15,1.5,15,82.2,2.8,,1.6,0,9,26.1,10.4,1.5,5.7,4
9/8/2021 12:25:50 PM,MS107,"Panola County, Mississippi",LoC2,C,.49,0.17,56,,Providence,Silt loam,15,1.52,9,73,18,,2.7,0,9.17,23.8,8,1.8,5.3,2
9/8/2021 12:25:50 PM,MS107,"Panola County, Mississippi",LoC2,C,.55,0.17,56,,Providence,Silt loam,27,1.42,11,74,15,,3,0,9.17,23.5,7.7,1.2,5,2
9/8/2021 12:25:50 PM,MS107,"Panola County, Mississippi",LoC2,B,.28,0.29,>200,2.64,Smithdale,Sandy loam,28,1.66,8.5,26.9,64.6,0,12.4,0,28.23,16.6,7,0.75,4.8,1
9/8/2021 12:25:50 PM,MS107,"Panola County, Mississippi",LoC2,D,.55,0.29,51,,Byram,Silty clay loam,51,1.58,27.5,63.4,9.1,,6.4,0,9.17,30.8,16.6,0.25,5.3,1
9/8/2021 12:25:50 PM,MS107,"Panola County, Mississippi",LoC2,B,.49,0.36,>200,,Memphis,Silty clay loam,56,1.58,29,70.4,0.6,,0.6,0,9,30.8,16.6,0.26,4.9,4
9/8/2021 12:25:50 PM,MS107,"Panola County, Mississippi",LoC2,C/D,.49,0.29,64,,Grenada,Silt loam,56,1.47,24,69,7,,4.9,0,9.17,28.9,13.8,0.25,5,2
9/8/2021 12:25:50 PM,MS107,"Panola County, Mississippi",LoC2,C,.55,0.17,56,,Providence,Silt loam,56,1.52,22,69,9,,0.5,0,9.17,28.7,13.5,0.5,5.1,2
9/8/2021 12:25:50 PM,MS107,"Panola County, Mississippi",LoC2,C/D,.55,0.29,61,,Loring,Silty clay loam,61,1.51,27,71,2,,1,0,9.17,29.2,14.2,0.3,5.2,90
9/8/2021 12:25:50 PM,MS107,"Panola County, Mississippi",LoC2,C/D,.64,0.29,64,,Grenada,Silt loam,64,1.56,12,73.8,14.2,,8.6,0,9.17,23.4,7.6,0.2,5,2
9/8/2021 12:25:50 PM,MS107,"Panola County, Mississippi",LoC2,C,.55,0.17,56,,Providence,Silt loam,91,1.63,22,69,9,,0.5,0,0.21,31.9,14.1,0.1,5.1,2
9/8/2021 12:25:50 PM,MS107,"Panola County, Mississippi",LoC2,B,.28,0.29,>200,2.64,Smithdale,Sandy clay loam,97,1.58,25.5,24.5,50,0,11.9,0,9.17,25.2,17.3,0.6,4.8,1
9/8/2021 12:25:50 PM,MS107,"Panola County, Mississippi",LoC2,C/D,.55,0.29,61,,Loring,Silt loam,122,1.58,19,79,2,,1,0,0.9,27.3,11.8,0.09,5.2,90
9/8/2021 12:25:50 PM,MS107,"Panola County, Mississippi",LoC2,C,.43,0.17,56,,Providence,Loam,132,1.74,24,46,30,,4,0,0.21,29.2,16.2,0.1,5.4,2
9/8/2021 12:25:50 PM,MS107,"Panola County, Mississippi",LoC2,B,.20,0.29,>200,2.65,Smithdale,Sandy loam,132,1.68,17,18.6,64.4,5,10.2,0,28.23,20.4,11.6,0.3,4.5,1
9/8/2021 12:25:50 PM,MS107,"Panola County, Mississippi",LoC2,D,.55,0.29,51,,Byram,Silt loam,142,1.62,24,67,9,,3.7,0,0.21,29.7,14.9,0.1,6.5,1
9/8/2021 12:25:50 PM,MS107,"Panola County, Mississippi",LoC2,B,.49,0.36,>200,,Memphis,Silt loam,150,1.56,23,76.4,0.6,,0.6,0,9,28.4,13.1,0.18,5,4
9/8/2021 12:25:50 PM,MS107,"Panola County, Mississippi",LoC2,C/D,.55,0.29,61,,Loring,Silt loam,165,1.47,17.5,78.5,4,,2.4,0,9,25.8,10,0.07,5.5,90
9/8/2021 12:25:50 PM,MS107,"Panola County, Mississippi",LoC2,C/D,.64,0.29,64,,Grenada,Silt loam,178,1.64,14,71.8,14.2,,8.6,0,0.21,25,9.2,0.1,5,2
9/8/2021 12:25:50 PM,MS107,"Panola County, Mississippi",LoC2,C,.20,0.17,56,,Providence,Sandy clay loam,178,1.74,24,19,57,,5,0,9.17,24.8,16.8,0.1,5.4,2
9/8/2021 12:25:50 PM,MS107,"Panola County, Mississippi",LoC2,D,.24,0.29,51,,Byram,Silty clay,183,1.69,59,41,0,,0,0,0.21,35.5,31.5,0.1,7.3,1
9/8/2021 12:25:50 PM,MS107,"Panola County, Mississippi",LoC2,B,.55,0.36,>200,,Memphis,Silt loam,200,1.54,20,78.8,1.2,,1.2,0,9,26.9,11.3,0.09,5.2,4
9/8/2021 12:25:50 PM,MS107,"Panola County, Mississippi",LoC2,B,.20,0.29,>200,2.65,Smithdale,Sandy loam,203,1.68,17,18.6,64.4,5,10.2,0,28.23,20.4,11.6,0.3,4.5,1
9/8/2021 12:25:50 PM,MS107,"Panola County, Mississippi",LoC3,C/D,.49,0.29,61,,Loring,Silt loam,8,1.48,16,82,2,,1,0,9,26.3,10.6,1,5.3,90
9/8/2021 12:25:50 PM,MS107,"Panola County, Mississippi",LoC3,B,.24,0.29,>200,2.63,Smithdale,Sandy loam,10,1.55,8.5,26.9,64.6,0,12.4,0,28.23,17,7.3,1.25,5,1
9/8/2021 12:25:50 PM,MS107,"Panola County, Mississippi",LoC3,C/D,.49,0.29,64,,Grenada,Silt loam,13,1.5,14,71.8,14.2,,8.6,0,9.17,25.7,9.9,1.25,5.5,2
9/8/2021 12:25:50 PM,MS107,"Panola County, Mississippi",LoC3,D,.55,0.29,51,,Byram,Silt loam,13,1.42,8.5,69.9,21.6,,13.8,0,9.17,22.1,6.5,1.25,5.3,1
9/8/2021 12:25:50 PM,MS107,"Panola County, Mississippi",LoC3,B,.49,0.42,>200,,Memphis,Silt loam,15,1.5,15,82.2,2.8,,1.6,0,9,26.1,10.4,1.5,5.7,4
9/8/2021 12:25:50 PM,MS107,"Panola County, Mississippi",LoC3,C,.49,0.17,56,,Providence,Silt loam,15,1.52,9,73,18,,2.7,0,9.17,23.8,8,1.8,5.3,2
9/8/2021 12:25:50 PM,MS107,"Panola County, Mississippi",LoC3,C,.55,0.17,56,,Providence,Silt loam,27,1.42,11,74,15,,3,0,9.17,23.5,7.7,1.2,5,2
9/8/2021 12:25:50 PM,MS107,"Panola County, Mississippi",LoC3,B,.28,0.29,>200,2.64,Smithdale,Sandy loam,28,1.66,8.5,26.9,64.6,0,12.4,0,28.23,16.6,7,0.75,4.8,1
9/8/2021 12:25:50 PM,MS107,"Panola County, Mississippi",LoC3,D,.55,0.29,51,,Byram,Silty clay loam,51,1.58,27.5,63.4,9.1,,6.4,0,9.17,30.8,16.6,0.25,5.3,1
9/8/2021 12:25:50 PM,MS107,"Panola County, Mississippi",LoC3,C/D,.49,0.29,64,,Grenada,Silt loam,56,1.47,24,69,7,,4.9,0,9.17,28.9,13.8,0.25,5,2
9/8/2021 12:25:50 PM,MS107,"Panola County, Mississippi",LoC3,B,.49,0.42,>200,,Memphis,Silty clay loam,56,1.58,29,70.4,0.6,,0.6,0,9,30.8,16.6,0.26,4.9,4
9/8/2021 12:25:50 PM,MS107,"Panola County, Mississippi",LoC3,C,.55,0.17,56,,Providence,Silt loam,56,1.52,22,69,9,,0.5,0,9.17,28.7,13.5,0.5,5.1,2
9/8/2021 12:25:50 PM,MS107,"Panola County, Mississippi",LoC3,C/D,.49,0.29,61,,Loring,Silty clay loam,61,1.54,27,71,2,,1,0,9,30.5,16,0.3,5.2,90
9/8/2021 12:25:50 PM,MS107,"Panola County, Mississippi",LoC3,C/D,.64,0.29,64,,Grenada,Silt loam,64,1.56,12,73.8,14.2,,8.6,0,9.17,23.4,7.6,0.2,5,2
9/8/2021 12:25:50 PM,MS107,"Panola County, Mississippi",LoC3,C,.55,0.17,56,,Providence,Silt loam,91,1.63,22,69,9,,0.5,0,0.21,31.9,14.1,0.1,5.1,2
9/8/2021 12:25:50 PM,MS107,"Panola County, Mississippi",LoC3,B,.28,0.29,>200,2.64,Smithdale,Sandy clay loam,97,1.58,25.5,24.5,50,0,11.9,0,9.17,25.2,17.3,0.6,4.8,1
9/8/2021 12:25:50 PM,MS107,"Panola County, Mississippi",LoC3,C/D,.55,0.29,61,,Loring,Silt loam,122,1.58,19,79,2,,1,0,0.91,27.3,11.8,0.09,5.2,90
9/8/2021 12:25:50 PM,MS107,"Panola County, Mississippi",LoC3,C,.43,0.17,56,,Providence,Loam,132,1.74,24,46,30,,4,0,0.21,29.2,16.2,0.1,5.4,2
9/8/2021 12:25:50 PM,MS107,"Panola County, Mississippi",LoC3,B,.20,0.29,>200,2.65,Smithdale,Sandy loam,132,1.68,17,18.6,64.4,5,10.2,0,28.23,20.4,11.6,0.3,4.5,1
9/8/2021 12:25:50 PM,MS107,"Panola County, Mississippi",LoC3,D,.55,0.29,51,,Byram,Silt loam,142,1.62,24,67,9,,3.7,0,0.21,29.7,14.9,0.1,6.5,1
9/8/2021 12:25:50 PM,MS107,"Panola County, Mississippi",LoC3,B,.49,0.42,>200,,Memphis,Silt loam,150,1.56,23,76.4,0.6,,0.6,0,9,28.4,13.1,0.18,5,4
9/8/2021 12:25:50 PM,MS107,"Panola County, Mississippi",LoC3,C/D,.55,0.29,61,,Loring,Silt loam,165,1.47,17.5,78.5,4,,2.4,0,9,25.8,10,0.07,5.5,90
9/8/2021 12:25:50 PM,MS107,"Panola County, Mississippi",LoC3,C/D,.64,0.29,64,,Grenada,Silt loam,178,1.64,14,71.8,14.2,,8.6,0,0.21,25,9.2,0.1,5,2
9/8/2021 12:25:50 PM,MS107,"Panola County, Mississippi",LoC3,C,.20,0.17,56,,Providence,Sandy clay loam,178,1.74,24,19,57,,5,0,9.17,24.8,16.8,0.1,5.4,2
9/8/2021 12:25:50 PM,MS107,"Panola County, Mississippi",LoC3,D,.24,0.29,51,,Byram,Silty clay,183,1.69,59,41,0,,0,0,0.21,35.5,31.5,0.1,7.3,1
9/8/2021 12:25:50 PM,MS107,"Panola County, Mississippi",LoC3,B,.55,0.42,>200,,Memphis,Silt loam,200,1.54,20,78.8,1.2,,1.2,0,9,26.9,11.3,0.09,5.2,4
9/8/2021 12:25:50 PM,MS107,"Panola County, Mississippi",LoC3,B,.20,0.29,>200,2.65,Smithdale,Sandy loam,203,1.68,17,18.6,64.4,5,10.2,0,28.23,20.4,11.6,0.3,4.5,1
9/8/2021 12:25:50 PM,MS107,"Panola County, Mississippi",LoD,B/D,.43,0.3,>200,,Unnamed hydric soils (134dr),Silt loam,13,1.52,12,67.3,20.7,,13.3,0,9.17,25.5,9.7,2,5,2
9/8/2021 12:25:50 PM,MS107,"Panola County, Mississippi",LoD,C/D,.49,0.3,63,,Loring,Silt loam,18,1.46,13,72.7,14.3,,8.7,0,9.17,24.8,8.9,1.25,5.3,90
9/8/2021 12:25:50 PM,MS107,"Panola County, Mississippi",LoD,C/D,.49,0.3,63,,Loring,Silt loam,71,1.52,25,65.9,9.1,,6.4,0,9.17,29.6,14.8,0.25,5.3,90
9/8/2021 12:25:50 PM,MS107,"Panola County, Mississippi",LoD,C/D,.55,0.3,63,,Loring,Silt loam,127,1.67,22.5,68,9.5,,6.7,0,0.92,29.5,14.6,0.15,5.3,90
9/8/2021 12:25:50 PM,MS107,"Panola County, Mississippi",LoD,B/D,.55,0.3,>200,,Unnamed hydric soils (134dr),Silt loam,152,1.55,14,71.8,14.2,,8.6,0,9.17,18.2,8.5,0.15,5,2
9/8/2021 12:25:50 PM,MS107,"Panola County, Mississippi",LoD,C/D,.55,0.3,63,,Loring,Silt loam,165,1.52,17.5,68.9,13.6,,8.2,0,7.76,26,10.3,0.1,5.5,90
9/8/2021 12:25:50 PM,MS107,"Panola County, Mississippi",LoD2,B,.43,0.23,>200,2.64,Memphis,Silt loam,8,1.39,17.6,77.9,4.5,,2.5,0,9.17,27,11.4,1.5,5.3,10
9/8/2021 12:25:50 PM,MS107,"Panola County, Mississippi",LoD2,D,.49,0.23,58,,Loring,Silt loam,10,1.45,16,76,8,,6,0,9,26.4,10.7,1.25,5.3,90
9/8/2021 12:25:50 PM,MS107,"Panola County, Mississippi",LoD2,B,.49,0.23,>200,2.67,Memphis,Silty clay loam,41,1.56,28,70.4,1.6,,1.6,0,9,30.8,16.6,0.38,5.7,10
9/8/2021 12:25:50 PM,MS107,"Panola County, Mississippi",LoD2,D,.49,0.23,58,,Loring,Silty clay loam,58,1.56,32,65,3,,2,0,9,32.5,19.3,0.25,5.3,90
9/8/2021 12:25:50 PM,MS107,"Panola County, Mississippi",LoD2,B,.49,0.23,>200,2.67,Memphis,Silt loam,112,1.53,22.2,76.1,1.7,,1.7,0,9.17,28.4,13.2,0.19,5.3,10
9/8/2021 12:25:50 PM,MS107,"Panola County, Mississippi",LoD2,B,.55,0.23,>200,2.67,Memphis,Silt loam,170,1.5,17.7,81.3,1,,1,0,9.17,26.1,10.3,0.1,5.8,10
9/8/2021 12:25:50 PM,MS107,"Panola County, Mississippi",LoD2,D,.49,0.23,58,,Loring,Silty clay loam,183,1.64,32.5,64.5,3,,2,0,0.9,33.1,20.3,0.09,5.3,90
9/8/2021 12:25:50 PM,MS107,"Panola County, Mississippi",LoD2,B,.64,0.23,>200,2.66,Memphis,Silt loam,200,1.47,15.6,83.3,1.1,,1,0,9.17,24.8,9,0.07,5.5,10
9/8/2021 12:25:50 PM,MS107,"Panola County, Mississippi",LoD2,D,.24,0.23,58,,Loring,Sandy loam,215,1.68,18,19,63,,11,0,9.17,21.6,12.4,0.07,5.4,90
9/8/2021 12:25:50 PM,MS107,"Panola County, Mississippi",LoD3,B,.43,0.23,>200,2.64,Memphis,Silt loam,8,1.39,17.6,77.9,4.5,,2.5,0,9.17,27,11.4,1.5,5.3,10
9/8/2021 12:25:50 PM,MS107,"Panola County, Mississippi",LoD3,D,.49,0.23,58,,Loring,Silt loam,10,1.41,13,79,8,,6,0,9,28,12.6,1.25,5.3,90
9/8/2021 12:25:50 PM,MS107,"Panola County, Mississippi",LoD3,B,.49,0.23,>200,2.67,Memphis,Silty clay loam,41,1.56,28,70.4,1.6,,1.6,0,9,30.8,16.6,0.38,5.7,10
9/8/2021 12:25:50 PM,MS107,"Panola County, Mississippi",LoD3,D,.55,0.23,58,,Loring,Silt loam,58,1.55,25,72,3,,1.7,0,9.17,29.8,15,0.25,5.3,90
9/8/2021 12:25:50 PM,MS107,"Panola County, Mississippi",LoD3,B,.49,0.23,>200,2.67,Memphis,Silt loam,112,1.53,22.2,76.1,1.7,,1.7,0,9.17,28.4,13.2,0.19,5.3,10
9/8/2021 12:25:50 PM,MS107,"Panola County, Mississippi",LoD3,B,.55,0.23,>200,2.67,Memphis,Silt loam,170,1.5,17.7,81.3,1,,1,0,9.17,26.1,10.3,0.1,5.8,10
9/8/2021 12:25:50 PM,MS107,"Panola County, Mississippi",LoD3,D,.49,0.23,58,,Loring,Silty clay loam,183,1.64,31,66,3,,1.7,0,1,32.5,19.3,0.09,5.3,90
9/8/2021 12:25:50 PM,MS107,"Panola County, Mississippi",LoD3,B,.64,0.23,>200,2.66,Memphis,Silt loam,200,1.47,15.6,83.3,1.1,,1,0,9.17,24.8,9,0.07,5.5,10
9/8/2021 12:25:50 PM,MS107,"Panola County, Mississippi",LoD3,D,.24,0.23,58,,Loring,Sandy loam,215,1.68,18,19,63,,11,0,9.17,21.6,12.4,0.07,5.4,90
9/8/2021 12:25:50 PM,MS107,"Panola County, Mississippi",LoE2,D,.49,0.3,63,,Loring,Silt loam,13,1.46,13,72.7,14.3,,8.7,0,9.17,24.8,8.9,1.25,5.3,90
9/8/2021 12:25:50 PM,MS107,"Panola County, Mississippi",LoE2,B/D,.43,0.3,>200,,Unnamed hydric soils (134dr),Silt loam,13,1.52,12,67.3,20.7,,13.3,0,9.17,25.5,9.7,2,5,2
9/8/2021 12:25:50 PM,MS107,"Panola County, Mississippi",LoE2,D,.55,0.3,63,,Loring,Silt loam,53,1.52,25,68.1,6.9,,4.8,0,9.17,29.6,14.8,0.25,5.3,90
9/8/2021 12:25:50 PM,MS107,"Panola County, Mississippi",LoE2,B/D,.55,0.3,>200,,Unnamed hydric soils (134dr),Silt loam,152,1.55,14,71.8,14.2,,8.6,0,9.17,18.2,8.5,0.15,5,2
9/8/2021 12:25:50 PM,MS107,"Panola County, Mississippi",LoE2,D,.55,0.3,63,,Loring,Silt loam,168,1.67,22.5,68,9.5,,6.7,0,0.92,29.5,14.6,0.15,5.3,90
9/8/2021 12:25:50 PM,MS107,"Panola County, Mississippi",LoE2,D,.55,0.3,63,,Loring,Silt loam,183,1.52,17.5,68.9,13.6,,8.2,0,7.76,26,10.3,0.1,5.5,90
9/8/2021 12:25:50 PM,MS107,"Panola County, Mississippi",LoE3,D,.55,0.3,63,,Loring,Silt loam,8,1.46,13,72.7,14.3,,8.7,0,9.17,24.8,8.9,1.25,5.3,90
9/8/2021 12:25:50 PM,MS107,"Panola County, Mississippi",LoE3,B/D,.43,0.3,>200,,Unnamed hydric soils (134dr),Silt loam,13,1.52,12,67.3,20.7,,13.3,0,9.17,25.5,9.7,2,5,2
9/8/2021 12:25:50 PM,MS107,"Panola County, Mississippi",LoE3,D,.55,0.3,63,,Loring,Silt loam,48,1.52,25,68.1,6.9,,4.8,0,9.17,29.6,14.8,0.25,5.3,90
9/8/2021 12:25:50 PM,MS107,"Panola County, Mississippi",LoE3,B/D,.55,0.3,>200,,Unnamed hydric soils (134dr),Silt loam,152,1.55,14,71.8,14.2,,8.6,0,9.17,18.2,8.5,0.15,5,2
9/8/2021 12:25:50 PM,MS107,"Panola County, Mississippi",LoE3,D,.55,0.3,63,,Loring,Silt loam,163,1.67,22.5,68,9.5,,6.7,0,0.92,29.5,14.6,0.15,5.3,90
9/8/2021 12:25:50 PM,MS107,"Panola County, Mississippi",LoE3,D,.55,0.3,63,,Loring,Silt loam,183,1.52,17.5,68.9,13.6,,8.2,0,7.76,26,10.3,0.1,5.5,90
9/8/2021 12:25:50 PM,MS107,"Panola County, Mississippi",MeB2,C/D,.49,0.29,71,2.64,Grenada,Silt loam,15,1.5,14,81,5,,2.9,0,9,25.8,10,1.25,5.3,2
9/8/2021 12:25:50 PM,MS107,"Panola County, Mississippi",MeB2,B,.49,0.29,>200,,Memphis,Silt loam,15,1.47,15,82,3,,1.8,0,9,26.4,10.7,1.5,5.8,88
9/8/2021 12:25:50 PM,MS107,"Panola County, Mississippi",MeB2,C/D,.49,0.29,74,,Loring,Silt loam,15,1.49,15,82,3,,1.8,0,9,26.1,10.4,1.25,5.3,4
9/8/2021 12:25:50 PM,MS107,"Panola County, Mississippi",MeB2,B,.49,0.29,>200,2.65,Lexington,Silt loam,18,1.51,18,69,13,,7.4,0,9.17,27.5,12,1.25,6.3,6
9/8/2021 12:25:50 PM,MS107,"Panola County, Mississippi",MeB2,B,.49,0.29,>200,,Memphis,Silty clay loam,46,1.56,29,68,3,,1.3,0,9,31.2,17.2,0.3,5.7,88
9/8/2021 12:25:50 PM,MS107,"Panola County, Mississippi",MeB2,B,.43,0.29,>200,2.68,Lexington,Silty clay loam,56,1.65,31,63,6,,0.4,0,9.17,32.2,18.8,0.35,5.8,6
9/8/2021 12:25:50 PM,MS107,"Panola County, Mississippi",MeB2,C/D,.49,0.29,71,2.67,Grenada,Silt loam,61,1.46,24,72,4,,2.4,0,9,28.8,13.7,0.3,5.3,2
9/8/2021 12:25:50 PM,MS107,"Panola County, Mississippi",MeB2,C/D,.64,0.29,71,2.66,Grenada,Silt loam,71,1.55,14,81,5,,2.9,0,9,24.5,8.7,0.2,5.3,2
9/8/2021 12:25:50 PM,MS107,"Panola County, Mississippi",MeB2,C/D,.49,0.29,74,,Loring,Silt loam,74,1.58,25,72,3,,2.1,0,9,30,15.4,0.3,5.3,4
9/8/2021 12:25:50 PM,MS107,"Panola County, Mississippi",MeB2,B,.55,0.29,>200,,Lexington,Silt loam,97,1.58,18,72,10,,4,0,9.17,26.8,11.2,0.15,5.3,6
9/8/2021 12:25:50 PM,MS107,"Panola County, Mississippi",MeB2,C/D,.55,0.29,71,2.67,Grenada,Silt loam,165,1.6,23.5,70.5,6,,3.5,0,1,29.6,14.8,0.2,5.3,2
9/8/2021 12:25:50 PM,MS107,"Panola County, Mississippi",MeB2,C/D,.55,0.29,74,,Loring,Silt loam,165,1.58,22.5,74.5,3,,2.1,0,1,28.9,13.8,0.1,5.3,4
9/8/2021 12:25:50 PM,MS107,"Panola County, Mississippi",MeB2,B,.28,0.29,>200,2.66,Lexington,Loam,183,1.64,18,37,45,,1.8,0,28.23,27.4,11.9,0.3,5.3,6
9/8/2021 12:25:50 PM,MS107,"Panola County, Mississippi",MeB2,B,.55,0.29,>200,,Memphis,Silt loam,188,1.51,18.5,78.5,3,,1.8,0,9,26.7,11.1,0.2,5.7,88
9/8/2021 12:25:50 PM,MS107,"Panola County, Mississippi",MeB2,B,.55,0.29,>200,,Memphis,Silt loam,203,1.5,20,77,3,0,1.8,0,9,27.3,11.8,0.2,5.7,88
9/8/2021 12:25:50 PM,MS107,"Panola County, Mississippi",MeB2,C/D,.55,0.29,74,,Loring,Silt loam,203,1.45,17.5,72.5,10,,6,0,8,25.7,9.9,0.1,5.5,4
9/8/2021 12:25:50 PM,MS107,"Panola County, Mississippi",MeB3,C,.49,,53,,Loring,Silt loam,13,1.46,13,72.7,14.3,,8.7,0,9.17,24.8,8.9,1.25,5.3,1
9/8/2021 12:25:50 PM,MS107,"Panola County, Mississippi",MeB3,B,.49,0.36,>200,,Memphis,Silt loam,15,1.5,15,82.2,2.8,,1.6,0,9,26.1,10.4,1.5,5.7,98
9/8/2021 12:25:50 PM,MS107,"Panola County, Mississippi",MeB3,C/D,.49,,48,,Grenada,Silt loam,18,1.52,14,71.8,14.2,,8.6,0,9.17,25.6,9.8,1.25,5.5,1
9/8/2021 12:25:50 PM,MS107,"Panola County, Mississippi",MeB3,C/D,.49,,48,,Grenada,Silt loam,48,1.52,24,69,7,,4.9,0,9.17,29.2,14.2,0.25,5,1
9/8/2021 12:25:50 PM,MS107,"Panola County, Mississippi",MeB3,C,.49,,53,,Loring,Silty clay loam,53,1.52,28,65,7,,2.9,0,9.17,30.8,16.6,0.25,5.3,1
9/8/2021 12:25:50 PM,MS107,"Panola County, Mississippi",MeB3,B,.49,0.36,>200,,Memphis,Silty clay loam,56,1.58,29,70.4,0.6,,0.6,0,9,30.8,16.6,0.26,4.9,98
9/8/2021 12:25:50 PM,MS107,"Panola County, Mississippi",MeB3,B,.49,0.36,>200,,Memphis,Silt loam,150,1.56,23,76.4,0.6,,0.6,0,9,28.4,13.1,0.18,5,98
9/8/2021 12:25:50 PM,MS107,"Panola County, Mississippi",MeB3,C,.55,,53,,Loring,Silt loam,168,1.67,22.5,68,9.5,,6.7,0,0.92,29.5,14.6,0.15,5.3,1
9/8/2021 12:25:50 PM,MS107,"Panola County, Mississippi",MeB3,C,.55,,53,,Loring,Silt loam,183,1.52,17.5,68.9,13.6,,8.2,0,7.76,26,10.3,0.1,5.5,1
9/8/2021 12:25:50 PM,MS107,"Panola County, Mississippi",MeB3,B,.55,0.36,>200,,Memphis,Silt loam,200,1.54,20,78.8,1.2,,1.2,0,9,26.9,11.3,0.09,5.2,98
9/8/2021 12:25:50 PM,MS107,"Panola County, Mississippi",MeB3,C/D,.55,,48,,Grenada,Silt loam,203,1.5,14,71.8,14.2,,8.6,0,9.17,24.1,8.3,0.2,5,1
9/8/2021 12:25:50 PM,MS107,"Panola County, Mississippi",MeC3,B,.43,0.3,>200,,Memphis,Silt loam,8,1.46,15,71,14,,8.5,0,9.17,26.1,10.4,1.5,5.3,90
9/8/2021 12:25:50 PM,MS107,"Panola County, Mississippi",MeC3,B/D,.43,0.3,>200,,Unnamed hydric soils (134dr),Silt loam,13,1.52,12,67.3,20.7,,13.3,0,9.17,25.5,9.7,2,5,2
9/8/2021 12:25:50 PM,MS107,"Panola County, Mississippi",MeC3,B,.49,0.3,>200,,Memphis,Silty clay loam,79,1.46,27.5,65.4,7.1,,2.9,0,9.17,30.2,15.7,0.25,5.3,90
9/8/2021 12:25:50 PM,MS107,"Panola County, Mississippi",MeC3,B/D,.55,0.3,>200,,Unnamed hydric soils (134dr),Silt loam,152,1.55,14,71.8,14.2,,8.6,0,9.17,24.3,8.5,0.15,5,2
9/8/2021 12:25:50 PM,MS107,"Panola County, Mississippi",MeC3,B,.55,0.3,>200,,Memphis,Silt loam,203,1.46,18.5,69.8,11.7,,6.7,0,9.17,26.2,10.5,0.1,5.3,90
9/8/2021 12:25:50 PM,MS107,"Panola County, Mississippi",MlF2,B,.43,0.3,>200,,Memphis,Silt loam,13,1.46,15,71,14,,8.5,0,9.17,26.1,10.4,1.5,5.3,60
9/8/2021 12:25:50 PM,MS107,"Panola County, Mississippi",MlF2,B/D,.43,0.3,>200,,Unnamed hydric soils (134dr),Silt loam,13,1.52,12,67.3,20.7,,13.3,0,9.17,25.5,9.7,2,5,5
9/8/2021 12:25:50 PM,MS107,"Panola County, Mississippi",MlF2,D,.49,0.3,63,,Loring,Silt loam,13,1.46,13,72.7,14.3,,8.7,0,9.17,24.8,8.9,1.25,5.3,35
9/8/2021 12:25:50 PM,MS107,"Panola County, Mississippi",MlF2,D,.55,0.3,63,,Loring,Silt loam,53,1.52,25,68.1,6.9,,4.8,0,9.17,29.6,14.8,0.25,5.3,35
9/8/2021 12:25:50 PM,MS107,"Panola County, Mississippi",MlF2,B,.49,0.3,>200,,Memphis,Silty clay loam,84,1.46,27.5,65.4,7.1,,2.9,0,9.17,30.2,15.7,0.25,5.3,60
9/8/2021 12:25:50 PM,MS107,"Panola County, Mississippi",MlF2,B/D,.55,0.3,>200,,Unnamed hydric soils (134dr),Silt loam,152,1.55,14,71.8,14.2,,8.6,0,9.17,18.2,8.5,0.15,5,5
9/8/2021 12:25:50 PM,MS107,"Panola County, Mississippi",MlF2,D,.55,0.3,63,,Loring,Silt loam,168,1.67,22.5,68,9.5,,6.7,0,0.92,29.5,14.6,0.15,5.3,35
9/8/2021 12:25:50 PM,MS107,"Panola County, Mississippi",MlF2,D,.55,0.3,63,,Loring,Silt loam,183,1.52,17.5,68.9,13.6,,8.2,0,7.76,26,10.3,0.1,5.5,35
9/8/2021 12:25:50 PM,MS107,"Panola County, Mississippi",MlF2,B,.55,0.3,>200,,Memphis,Silt loam,203,1.46,18.5,69.8,11.7,,6.7,0,9.17,26.2,10.5,0.1,5.3,60
9/8/2021 12:25:50 PM,MS107,"Panola County, Mississippi",MlF3,B,.43,0.3,>200,,Memphis,Silt loam,8,1.46,15,71,14,,8.5,0,9.17,26.1,10.4,1.5,5.3,60
9/8/2021 12:25:50 PM,MS107,"Panola County, Mississippi",MlF3,D,.55,0.3,63,,Loring,Silt loam,8,1.46,13,72.7,14.3,,8.7,0,9.17,24.8,8.9,1.25,5.3,35
9/8/2021 12:25:50 PM,MS107,"Panola County, Mississippi",MlF3,B/D,.43,0.3,>200,,Unnamed hydric soils (134dr),Silt loam,13,1.52,12,67.3,20.7,,13.3,0,9.17,25.5,9.7,2,5,5
9/8/2021 12:25:50 PM,MS107,"Panola County, Mississippi",MlF3,D,.55,0.3,63,,Loring,Silt loam,48,1.52,25,68.1,6.9,,4.8,0,9.17,29.6,14.8,0.25,5.3,35
9/8/2021 12:25:50 PM,MS107,"Panola County, Mississippi",MlF3,B,.49,0.3,>200,,Memphis,Silty clay loam,79,1.46,27.5,65.4,7.1,,2.9,0,9.17,30.2,15.7,0.25,5.3,60
9/8/2021 12:25:50 PM,MS107,"Panola County, Mississippi",MlF3,B/D,.55,0.3,>200,,Unnamed hydric soils (134dr),Silt loam,152,1.55,14,71.8,14.2,,8.6,0,9.17,18.2,8.5,0.15,5,5
9/8/2021 12:25:50 PM,MS107,"Panola County, Mississippi",MlF3,D,.55,0.3,63,,Loring,Silt loam,163,1.67,22.5,68,9.5,,6.7,0,0.92,29.5,14.6,0.15,5.3,35
9/8/2021 12:25:50 PM,MS107,"Panola County, Mississippi",MlF3,D,.55,0.3,63,,Loring,Silt loam,183,1.52,17.5,68.9,13.6,,8.2,0,7.76,26,10.3,0.1,5.5,35
9/8/2021 12:25:50 PM,MS107,"Panola County, Mississippi",MlF3,B,.55,0.3,>200,,Memphis,Silt loam,203,1.46,18.5,69.8,11.7,,6.7,0,9.17,26.2,10.5,0.1,5.3,60
9/8/2021 12:25:50 PM,MS107,"Panola County, Mississippi",MnF2,B,.43,0.3,>200,,Memphis,Silt loam,13,1.46,15,71,14,,8.5,0,9.17,26.1,10.4,1.5,5.3,50
9/8/2021 12:25:50 PM,MS107,"Panola County, Mississippi",MnF2,B/D,.43,0.3,>200,,Unnamed hydric soils (134dr),Silt loam,13,1.52,12,67.3,20.7,,13.3,0,9.17,25.5,9.7,2,5,5
9/8/2021 12:25:50 PM,MS107,"Panola County, Mississippi",MnF2,B,.05,0.3,>200,,Saffell,Very gravelly sandy loam,20,1.6,10,23.4,66.6,45,11.9,0,28.23,10,4.6,1.5,5,15
9/8/2021 12:25:50 PM,MS107,"Panola County, Mississippi",MnF2,B,.43,0.3,>200,,Natchez,Silt loam,20,1.44,13,72.7,14.3,,8.7,0,9.17,25.3,9.5,1.75,6.2,30
9/8/2021 12:25:50 PM,MS107,"Panola County, Mississippi",MnF2,B,.10,0.3,>200,,Saffell,Gravelly fine sandy loam,36,1.59,18.5,19.2,62.3,31,13.7,0,9.17,13.1,7.3,0.2,5,15
9/8/2021 12:25:50 PM,MS107,"Panola County, Mississippi",MnF2,B,.55,0.3,>200,,Natchez,Silt loam,66,1.44,13,72.7,14.3,,8.7,0,9.17,23.2,7.4,0.15,6.2,30
9/8/2021 12:25:50 PM,MS107,"Panola County, Mississippi",MnF2,B,.49,0.3,>200,,Memphis,Silty clay loam,84,1.46,27.5,65.4,7.1,,2.9,0,9.17,30.2,15.7,0.25,5.3,50
9/8/2021 12:25:50 PM,MS107,"Panola County, Mississippi",MnF2,B,.10,0.3,>200,,Saffell,Very gravelly sandy clay loam,119,1.62,23.5,17.8,58.7,45,13.5,0,9.17,11.6,7.3,0.1,5,15
9/8/2021 12:25:50 PM,MS107,"Panola County, Mississippi",MnF2,B/D,.55,0.3,>200,,Unnamed hydric soils (134dr),Silt loam,152,1.55,14,71.8,14.2,,8.6,0,9.17,18.2,8.5,0.15,5,5
9/8/2021 12:25:50 PM,MS107,"Panola County, Mississippi",MnF2,B,.55,0.3,>200,,Natchez,Silt loam,165,1.44,13,72.7,14.3,,8.7,0,9.17,23.1,7.3,0.1,6.2,30
9/8/2021 12:25:50 PM,MS107,"Panola County, Mississippi",MnF2,B,.10,0.3,>200,,Saffell,Gravelly sandy loam,183,1.67,16.5,18.7,64.8,33,10.2,0,23.29,10.4,5.5,0.1,5,15
9/8/2021 12:25:50 PM,MS107,"Panola County, Mississippi",MnF2,B,.55,0.3,>200,,Memphis,Silt loam,203,1.46,18.5,69.8,11.7,,6.7,0,9.17,26.2,10.5,0.1,5.3,50
9/8/2021 12:25:50 PM,MS107,"Panola County, Mississippi",Mx,B,.49,0.3,>200,,Collins,Silt loam,20,1.52,11.5,67.7,20.8,,13.4,0,9.17,24.2,8.4,1.25,5,39
9/8/2021 12:25:50 PM,MS107,"Panola County, Mississippi",Mx,A,.24,0.3,>200,,Bruno,Fine sandy loam,20,1.55,6.5,27.5,66,,17.7,0,91.74,15.7,6.1,1.25,6.8,41
9/8/2021 12:25:50 PM,MS107,"Panola County, Mississippi",Mx,D,.43,0.3,>200,,Unnamed hydric soils (134de),Silt loam,43,1.55,18.5,69.8,11.7,,6.7,0,2.82,29.1,14,2.25,4.8,3
9/8/2021 12:25:50 PM,MS107,"Panola County, Mississippi",Mx,D,.49,0.3,>200,,Unnamed hydric soils (134de),Silty clay loam,76,1.71,28.5,64.4,7.1,,2.9,0,0.92,31.8,18.1,0.75,4.6,3
9/8/2021 12:25:50 PM,MS107,"Panola County, Mississippi",Mx,A,.05,0.3,>200,,Bruno,Sand,107,1.57,5,1.4,93.6,,6.9,0,91.74,10.3,3.7,0.25,6.8,41
9/8/2021 12:25:50 PM,MS107,"Panola County, Mississippi",Mx,A,.05,0.3,>200,,Bruno,Sand,152,1.57,5,1.4,93.6,,6.9,0,91.74,10,3.4,0.1,6.8,41
9/8/2021 12:25:50 PM,MS107,"Panola County, Mississippi",Mx,B,.64,0.3,>200,,Collins,Silt loam,157,1.52,11.5,67.7,20.8,,13.4,0,9.17,22.6,6.9,0.15,5,39
9/8/2021 12:25:50 PM,MS107,"Panola County, Mississippi",Mx,D,.55,0.3,>200,,Unnamed hydric soils (134de),Silt loam,183,1.62,20,68.6,11.4,,6.6,0,2.82,28.1,12.8,0.25,5.7,3
9/8/2021 12:25:50 PM,MS107,"Panola County, Mississippi",RpE2,A,.17,0.3,>200,,Eustis,Loamy fine sand,15,1.55,6,6.7,87.3,,27.7,0,91.74,15.3,5.8,1.25,5,15
9/8/2021 12:25:50 PM,MS107,"Panola County, Mississippi",RpE2,D,.43,0.3,>200,,Unnamed hydric soils (133dr),Silt loam,15,1.6,10,57.1,32.9,7,10.1,0,9.17,23.7,8.6,2,4.6,5
9/8/2021 12:25:50 PM,MS107,"Panola County, Mississippi",RpE2,C/D,.49,0.3,71,,Providence,Silt loam,18,1.41,8.5,69.9,21.6,,13.8,0,9.17,22.6,6.9,1.75,5.3,30
9/8/2021 12:25:50 PM,MS107,"Panola County, Mississippi",RpE2,B,.28,0.3,>200,,Smithdale,Fine sandy loam,28,1.52,8.5,26.9,64.6,5,17.4,0,28.23,16.3,7,1.25,5,50
9/8/2021 12:25:50 PM,MS107,"Panola County, Mississippi",RpE2,C/D,.55,0.3,71,,Providence,Silt loam,58,1.52,24,68.4,7.6,,5.3,0,9.17,29.2,14.2,0.25,5.3,30
9/8/2021 12:25:50 PM,MS107,"Panola County, Mississippi",RpE2,A,.10,0.3,>200,,Eustis,Sand,61,1.57,6,1.9,92.1,,8.2,0,91.74,10.9,4.2,0.15,5,15
9/8/2021 12:25:50 PM,MS107,"Panola County, Mississippi",RpE2,C/D,.49,0.3,71,,Providence,Silt loam,97,1.57,25,65.9,9.1,,6.4,0,2.82,29.9,15.3,0.2,5.3,30
9/8/2021 12:25:50 PM,MS107,"Panola County, Mississippi",RpE2,B,.32,0.3,>200,,Smithdale,Loam,97,1.55,25.5,38.9,35.6,5,10.7,0,9.17,29.5,15.9,0.6,5,50
9/8/2021 12:25:50 PM,MS107,"Panola County, Mississippi",RpE2,C/D,.55,0.3,71,,Providence,Loam,135,1.57,21,42.1,36.9,2,28.4,0,2.82,27.7,12.6,0.15,5.3,30
9/8/2021 12:25:50 PM,MS107,"Panola County, Mississippi",RpE2,C/D,.20,0.3,71,,Providence,Sandy loam,152,1.57,18.5,15,66.5,2,9.7,0,9.17,20.8,11.6,0.1,5.3,30
9/8/2021 12:25:50 PM,MS107,"Panola County, Mississippi",RpE2,D,.28,0.3,>200,,Unnamed hydric soils (133dr),Sandy loam,152,1.69,10,23.4,66.6,12,11.9,0,9.17,18.8,6.1,0.75,4.6,5
9/8/2021 12:25:50 PM,MS107,"Panola County, Mississippi",RpE2,A,.20,0.3,>200,,Eustis,Loamy sand,193,1.57,10,6.5,83.5,,23.1,0,91.74,16.6,6.9,0.1,5,15
9/8/2021 12:25:50 PM,MS107,"Panola County, Mississippi",RpE2,B,.37,0.3,>200,,Smithdale,Loam,203,1.55,19.5,38.1,42.4,5,12.2,0,28.23,26.3,11.4,0.3,5,50
9/8/2021 12:25:50 PM,MS107,"Panola County, Mississippi",RpE2,A,.05,0.3,>200,,Eustis,Sand,249,1.6,4.5,1.4,94.1,,6.9,0,91.74,9.7,3.2,0.1,5,15
9/8/2021 12:25:50 PM,MS107,"Panola County, Mississippi",RpF2,A,.17,0.3,>200,,Eustis,Loamy fine sand,15,1.55,6,6.7,87.3,,27.7,0,91.74,15.3,5.8,1.25,5,20
9/8/2021 12:25:50 PM,MS107,"Panola County, Mississippi",RpF2,D,.43,0.3,>200,,Unnamed hydric soils (133dr),Silt loam,15,1.6,10,57.1,32.9,7,10.1,0,9.17,23.7,8.6,2,4.6,5
9/8/2021 12:25:50 PM,MS107,"Panola County, Mississippi",RpF2,C/D,.49,0.3,71,,Providence,Silt loam,18,1.41,8.5,69.9,21.6,,13.8,0,9.17,22.6,6.9,1.75,5.3,25
9/8/2021 12:25:50 PM,MS107,"Panola County, Mississippi",RpF2,B,.28,0.3,>200,,Smithdale,Fine sandy loam,28,1.52,8.5,26.9,64.6,5,17.4,0,28.23,16.3,7,1.25,5,50
9/8/2021 12:25:50 PM,MS107,"Panola County, Mississippi",RpF2,C/D,.55,0.3,71,,Providence,Silt loam,58,1.52,24,68.4,7.6,,5.3,0,9.17,29.2,14.2,0.25,5.3,25
9/8/2021 12:25:50 PM,MS107,"Panola County, Mississippi",RpF2,A,.10,0.3,>200,,Eustis,Sand,61,1.57,6,1.9,92.1,,8.2,0,91.74,10.9,4.2,0.15,5,20
9/8/2021 12:25:50 PM,MS107,"Panola County, Mississippi",RpF2,B,.32,0.3,>200,,Smithdale,Loam,97,1.55,25.5,38.9,35.6,5,10.7,0,9.17,29.5,15.9,0.6,5,50
9/8/2021 12:25:50 PM,MS107,"Panola County, Mississippi",RpF2,C/D,.49,0.3,71,,Providence,Silt loam,97,1.57,25,65.9,9.1,,6.4,0,2.82,29.9,15.3,0.2,5.3,25
9/8/2021 12:25:50 PM,MS107,"Panola County, Mississippi",RpF2,C/D,.55,0.3,71,,Providence,Loam,135,1.57,21,42.1,36.9,2,28.4,0,2.82,27.7,12.6,0.15,5.3,25
9/8/2021 12:25:50 PM,MS107,"Panola County, Mississippi",RpF2,D,.28,0.3,>200,,Unnamed hydric soils (133dr),Sandy loam,152,1.69,10,23.4,66.6,12,11.9,0,9.17,18.8,6.1,0.75,4.6,5
9/8/2021 12:25:50 PM,MS107,"Panola County, Mississippi",RpF2,C/D,.20,0.3,71,,Providence,Sandy loam,152,1.57,18.5,15,66.5,2,9.7,0,9.17,20.8,11.6,0.1,5.3,25
9/8/2021 12:25:50 PM,MS107,"Panola County, Mississippi",RpF2,A,.20,0.3,>200,,Eustis,Loamy sand,193,1.57,10,6.5,83.5,,23.1,0,91.74,16.6,6.9,0.1,5,20
9/8/2021 12:25:50 PM,MS107,"Panola County, Mississippi",RpF2,B,.37,0.3,>200,,Smithdale,Loam,203,1.55,19.5,38.1,42.4,5,12.2,0,28.23,26.3,11.4,0.3,5,50
9/8/2021 12:25:50 PM,MS107,"Panola County, Mississippi",RpF2,A,.05,0.3,>200,,Eustis,Sand,249,1.6,4.5,1.4,94.1,,6.9,0,91.74,9.7,3.2,0.1,5,20
9/8/2021 12:25:50 PM,MS107,"Panola County, Mississippi",Wa,B/D,.43,0.3,>200,,Waverly,Silt loam,13,1.52,12,67.3,20.7,,13.3,0,9.17,25.5,9.7,2,5,90
9/8/2021 12:25:50 PM,MS107,"Panola County, Mississippi",Wa,B/D,.55,0.3,>200,,Waverly,Silt loam,152,1.55,14,80.4,5.6,,3.4,0,9.17,24.8,9,0.5,5,90
